"Incident ID","Incident Date",State,"City Or County",Address,"Victims Killed","Victims Injured","Suspects Killed","Suspects Injured","Suspects Arrested",Operations
2785081,"December 22, 2023",Maryland,"Upper Marlboro","12650 Brooke Ln",0,0,0,0,1,N/A
2784306,"December 21, 2023",Maryland,"Upper Marlboro (Springdale)","10001 Ardwick Ardmore Rd",0,0,0,0,1,N/A
2785246,"December 21, 2023",Maryland,Baltimore,"2000 Edgewood St",0,0,0,0,1,N/A
2785244,"December 21, 2023",Maryland,Baltimore,"2301 Gwynns Falls Pkwy",0,0,0,0,1,N/A
2785242,"December 20, 2023",Maryland,Baltimore,"1400 Orleans St",0,0,0,0,1,N/A
2783403,"December 20, 2023",Ohio,"Columbus (Gahanna)","700 Venetian Way",0,0,0,0,0,N/A
2788377,"December 19, 2023",Iowa,"Sioux City","3200 S Cypress St",0,0,0,0,1,N/A
2782092,"December 19, 2023",Pennsylvania,Allentown,"815 N Irving St",0,0,0,0,1,N/A
2784517,"December 19, 2023",Florida,"Fort Myers","3057 Cleveland Ave",0,0,0,0,1,N/A
2782528,"December 19, 2023",Tennessee,Memphis,"6670 E Raines Rd",0,0,0,0,0,N/A
2781549,"December 18, 2023",Indiana,Brownsburg,"4845 Bulldog Dr",0,0,0,0,0,N/A
2782274,"December 18, 2023",Iowa,"Des Moines","2600 SW 9th St",0,0,0,0,1,N/A
2783694,"December 18, 2023",Indiana,Hammond,"5825 S Blaine Ave",0,0,0,0,1,N/A
2781250,"December 18, 2023",Missouri,Kennett,"510 College Ave",0,0,0,0,1,N/A
2781628,"December 18, 2023",Wisconsin,"Green Bay","2710 Lineville Rd",0,0,0,0,1,N/A
2779515,"December 15, 2023",Georgia,Atlanta,"92 Piedmont Ave NE",1,1,0,0,0,N/A
2779762,"December 15, 2023",Florida,Jacksonville,"7301 Parker School Rd",0,0,0,0,1,N/A
2779753,"December 15, 2023",Tennessee,Nashville,"2835 Brick Church Pike",0,0,0,0,0,N/A
2779526,"December 14, 2023",Georgia,"Powder Springs","2400 New MacLand Rd",0,0,0,0,2,N/A
2778760,"December 14, 2023",Texas,Austin,"9700 McNeil Dr",0,0,0,0,0,N/A
2807462,"December 14, 2023","South Carolina",Florence,"3200 S Irby St",0,0,0,0,0,N/A
2779578,"December 14, 2023",Washington,Spokane,"1622 E Wellesley Ave",0,0,0,0,1,N/A
2779346,"December 14, 2023",Louisiana,"Lake Charles (Moss Bluff)","880 Sam Houston Jones Pkwy",0,0,0,0,1,N/A
2779507,"December 13, 2023",Virginia,Roanoke,"4902 Hidden Valley School Rd",0,0,0,0,0,N/A
2777785,"December 13, 2023",Mississippi,Brooklyn,"215 Old Hwy 49 E",0,0,0,0,1,N/A
2778686,"December 13, 2023","New Mexico",Albuquerque,"1510 Ellison Dr NW",0,0,0,0,1,N/A
2779760,"December 13, 2023","New Mexico",Albuquerque,"69 Hotel Cir NE",0,0,0,0,1,N/A
2777738,"December 12, 2023",Michigan,Kalamazoo,"2107 N 26th St",0,0,0,0,0,N/A
2777790,"December 12, 2023",Illinois,Oswego,"1525 Harvey Rd",0,0,0,0,1,N/A
2778126,"December 12, 2023",Michigan,Detroit,"5845 Auburn St",0,0,0,0,2,N/A
2778624,"December 12, 2023",Pennsylvania,Springville,N/A,0,0,0,0,1,N/A
2783456,"December 12, 2023",Ohio,Cleveland,"5100 Biddulph Rd",0,0,0,0,1,N/A
2777451,"December 12, 2023",Mississippi,Biloxi,"1921 Tribe Dr",0,0,0,0,1,N/A
2776978,"December 11, 2023","North Carolina",Pembroke,"8910 Deep Branch Rd",0,0,0,0,0,N/A
2777908,"December 11, 2023",California,Victorville,"12484 Tamarisk Rd",0,0,0,0,1,N/A
2776887,"December 11, 2023","South Carolina",Blythewood,"449 Rimer Pond Rd",0,0,0,0,0,N/A
2777421,"December 11, 2023",Missouri,Branson,"263 Buccaneer Blvd",0,0,0,0,1,N/A
2785269,"December 11, 2023",Maine,"North Berwick","100 Noble Wy",0,0,0,0,1,N/A
2774956,"December 8, 2023","New Mexico",Albuquerque,"10800 Dennis Chavez Blvd SW",1,0,0,0,1,N/A
2775369,"December 8, 2023",California,"San Francisco","1150 Francisco St",0,0,0,0,0,N/A
2775364,"December 8, 2023",California,"San Francisco","600 32nd Ave",0,0,0,0,1,N/A
2775066,"December 8, 2023",Tennessee,Antioch,"1900 Hobson Pike",0,0,0,0,1,N/A
2776395,"December 7, 2023","New York",Albany,"600 New Scotland Ave",0,0,0,0,1,N/A
2773492,"December 7, 2023","North Carolina",Kernersville,"2500 W Mountain St",0,0,0,0,0,N/A
2773400,"December 7, 2023",California,Lancaster,"44709 Beech Ave",0,0,0,0,1,N/A
2774594,"December 7, 2023",California,"Long Beach","1000 block of Junipero Ave",0,0,0,0,1,N/A
2772734,"December 6, 2023",Indiana,Indianapolis,"7300 E 56th St",0,0,0,0,2,N/A
2773494,"December 6, 2023","New Mexico",Clovis,"1900 N Thornton St",0,0,0,0,0,N/A
2772021,"December 6, 2023",Nevada,"Las Vegas","4505 S Maryland Pkwy",3,1,1,0,0,N/A
2771255,"December 5, 2023",Texas,Austin,"7104 Berkman Dr",6,3,0,0,1,N/A
2773085,"December 5, 2023","New York",Albany,"99 Slingerland St",0,0,0,0,1,N/A
2771781,"December 5, 2023",California,"Redondo Beach","1 Sea Hawk Way",0,0,0,0,1,N/A
2772890,"December 5, 2023",Massachusetts,Chicopee,"820 Front St",0,0,0,0,1,N/A
2771716,"December 5, 2023",Michigan,"Grand Rapids","2055 Rosewood Ave SE",0,0,0,0,1,N/A
2770765,"December 4, 2023",California,"Redondo Beach","1 Sea Hawk Way",0,0,0,0,1,N/A
2771173,"December 4, 2023",Oklahoma,"Elk City","1221 Pioneer Rd",0,0,0,0,1,N/A
2771155,"December 4, 2023",Oklahoma,"Oklahoma City","301 W New Orleans St",0,0,0,0,1,N/A
2769999,"December 1, 2023",Vermont,Hinesburg,"10888 Rte 116",0,0,0,0,0,N/A
2768312,"December 1, 2023",Ohio,"Cincinnati (North College Hill)","1620 Galbraith Rd",0,1,0,0,0,N/A
2768867,"December 1, 2023","South Carolina",Orangeburg,"300 College Ave",0,1,0,0,1,N/A
2907206,"December 1, 2023",Nevada,"Las Vegas","333 S Pavilion Center Dr",0,0,0,0,1,N/A
2771767,"December 1, 2023",Alaska,Anchorage,"410 E 56th Ave",0,0,0,0,1,N/A
2767652,"November 30, 2023","North Carolina",Durham,"3218 Rose of Sharon Rd",0,0,0,0,0,N/A
2767655,"November 30, 2023","North Carolina",Lumberton,"3901 Fayetteville Rd",0,0,0,0,0,N/A
2768445,"November 30, 2023",Alabama,Greenville,"100 Tiger Dr",0,0,0,0,1,N/A
2767443,"November 30, 2023",Texas,Houston,"2507 Mona Lee Ln",1,0,1,0,0,N/A
2768756,"November 30, 2023",Mississippi,"Port Gibson","159 Old Hwy 18",0,0,0,0,1,N/A
2766991,"November 29, 2023",Florida,"Saint Petersburg","1400 54th Ave S",0,0,0,0,1,N/A
2766838,"November 29, 2023","North Carolina","Rocky Mount","1400 Bethlehem Rd",0,0,0,0,1,N/A
2785277,"November 29, 2023",Iowa,"Iowa City","1930 Lakeside Dr",0,0,0,0,1,N/A
2767177,"November 29, 2023",Kentucky,Louisville,"6415 Outer Loop",0,0,0,0,1,N/A
2766426,"November 28, 2023",Massachusetts,Boston,"215 Dorchester St",0,0,0,0,1,N/A
2765953,"November 28, 2023","North Carolina",Wadesboro,"96 Anson High School Rd",0,0,0,0,1,N/A
2771149,"November 28, 2023",Virginia,"Newport News","1 Avenue of the Arts",0,0,0,0,1,N/A
2766207,"November 28, 2023",Ohio,Columbus,"284 N 22nd St",0,0,0,0,1,N/A
2765572,"November 28, 2023",Texas,Waxahachie,"3001 US-287",0,0,0,0,0,N/A
2766840,"November 28, 2023",Washington,Richland,"450 Hanford St",0,0,0,0,1,N/A
2766835,"November 28, 2023",Washington,Kennewick,"600 N Arthur St",0,0,0,0,1,N/A
2774592,"November 27, 2023",Maryland,Baltimore,"2810 Shirley Ave",0,0,0,0,1,N/A
2765799,"November 27, 2023","South Carolina","Rock Hill","2382 Firetower Rd",0,0,0,0,1,N/A
2764980,"November 27, 2023","South Carolina",Florence,"1119 N Irby St",0,0,0,0,1,N/A
2764821,"November 27, 2023",Kansas,"Kansas City","2214 N 59 St",0,0,0,0,1,N/A
2765549,"November 27, 2023",Georgia,Lagrange,"1920 Hamilton Rd",0,0,0,0,1,N/A
2765532,"November 27, 2023",Illinois,Chicago,"339 E Chicago Ave",0,0,0,0,0,N/A
2762927,"November 21, 2023",Nevada,"Las Vegas","4291 Pennwood Ave",0,0,0,0,1,N/A
2761285,"November 21, 2023","North Carolina",Greenville,"2568 NC-33",0,0,0,0,1,N/A
2762362,"November 21, 2023",Minnesota,"Saint Paul","275 Lexington Pkwy N",0,0,0,0,1,N/A
2761194,"November 20, 2023",California,"Santa Rosa","1501 Mendocino Ave",0,0,0,0,1,N/A
3007789,"November 20, 2023",Missouri,Columbia,"1104 N Providence Rd",0,0,0,0,1,N/A
2761534,"November 18, 2023",Virginia,Dumfries,"3401 Panther Pride Dr",0,0,0,0,1,N/A
2760605,"November 18, 2023",Tennessee,Knoxville,"1300 Phillip Fulmer Way",0,0,0,0,1,N/A
2758692,"November 17, 2023",Louisiana,Lafayette,"315 Rue du Belier",0,0,0,0,1,N/A
2759551,"November 17, 2023",Maryland,Rockville,"250 Richard Montgomery Dr",0,0,0,0,0,N/A
2757004,"November 16, 2023",Minnesota,"Minneapolis (New Hope)","8230 47th Ave N",0,0,0,0,2,N/A
2757816,"November 16, 2023",Illinois,Peoria,"811 S Griswold St",0,0,0,0,1,N/A
2757461,"November 16, 2023",Tennessee,Martin,"201 Hannings Ln",0,0,0,0,0,N/A
2756405,"November 15, 2023",Kentucky,Lexington,"1600 Man O War Blvd",0,0,0,0,1,N/A
2776276,"November 15, 2023",Missouri,Clever,"103 N Public School",0,0,0,0,1,N/A
2756262,"November 15, 2023",Alabama,"Muscle Shoals","100 Trojan Dr",0,0,0,0,1,N/A
2757154,"November 15, 2023",Arizona,Phoenix,"7107 N Black Cyn Hwy",0,0,0,0,1,N/A
2756872,"November 15, 2023",Oregon,Salem,"2440 NE Lancaster Dr",0,0,0,0,1,N/A
2757496,"November 15, 2023",Ohio,"Cleveland (Shaker Heights)","15911 Aldersyde Dr",0,0,0,0,1,N/A
2757494,"November 15, 2023",Ohio,Toledo,"2200 Arlington Ave",0,0,0,0,1,N/A
2756188,"November 14, 2023","North Carolina",Washington,"400 Slatestone Rd",0,0,0,0,1,N/A
2755367,"November 14, 2023",Tennessee,Munford,"1080 McLaughlin Dr",0,0,0,0,1,N/A
2756273,"November 14, 2023",Alabama,Somerville,"100 Cotaco School Rd",0,0,0,0,0,N/A
2756112,"November 14, 2023",Michigan,"Lincoln Park","1701 Champaign Rd",0,0,0,0,1,N/A
2756292,"November 14, 2023",Illinois,Peoria,"811 S Griswold St",0,0,0,0,2,N/A
2755911,"November 14, 2023","South Carolina",Columbia,"6671 St Andrews Rd",0,0,0,0,1,N/A
2755728,"November 14, 2023",California,Redlands,"1000 W Cypress Ave",0,0,0,0,2,N/A
2755426,"November 14, 2023",Maryland,Bowie,"15200 Annapolis Rd",0,0,0,0,1,N/A
2754506,"November 13, 2023",Ohio,Massillon,"250 29th St NW",0,0,0,0,1,N/A
2754860,"November 13, 2023",Texas,Victoria,"2200 E Red River St",0,1,0,0,1,N/A
2756202,"November 13, 2023",Oregon,Medford,"1551 Cunningham Ave",0,0,0,0,0,N/A
2753938,"November 13, 2023",Texas,"Prairie View","200 block of E M Norris St",1,0,0,0,1,N/A
2754543,"November 13, 2023",Texas,Hempstead,"35753 Owens Rd",0,0,0,0,0,N/A
2754154,"November 13, 2023","New Jersey",Newark,"246 18th Ave",0,1,0,0,0,N/A
2758102,"November 11, 2023",California,"San Luis Obispo","Cal Poly Rd",0,0,0,0,2,N/A
2758232,"November 10, 2023",Oklahoma,"Broken Arrow","6501 S Garnett Rd",0,0,0,0,1,N/A
2752988,"November 10, 2023",Georgia,Commerce,"272 Lakeview Dr",0,0,0,0,1,N/A
2752204,"November 10, 2023",Tennessee,Alamo,"2556 TN-88",0,0,0,0,1,N/A
2752201,"November 10, 2023",Michigan,Wyoming,"982 Lee St SW",0,0,0,0,1,N/A
2751914,"November 10, 2023",Oklahoma,Langston,"701 Sammy Davis Jr Dr",0,2,0,0,0,N/A
2752417,"November 10, 2023",Texas,"San Antonio","400 Eagleland Dr",0,0,0,0,1,N/A
2752997,"November 10, 2023",California,Vallejo,"840 Nebraska St",0,1,0,0,0,N/A
2752833,"November 9, 2023",Alabama,Atmore,"1215 S Presley St",0,2,0,0,0,N/A
2751271,"November 9, 2023",Idaho,Boise,"1105 N 13th St",0,0,0,0,1,N/A
2751143,"November 9, 2023",Alabama,Birmingham,"1114 Oxmoor Rd",0,0,0,0,1,N/A
2762596,"November 9, 2023",Ohio,Cleveland,"1701 Castle Ave",0,0,0,0,1,N/A
2751563,"November 9, 2023",Texas,Killeen,"6000 Brushy Creek Dr",0,0,0,0,1,N/A
2752084,"November 9, 2023","North Carolina",Huntersville,"11201 Old Statesville Rd",0,0,0,0,1,N/A
2751225,"November 9, 2023",Indiana,Muncie,N/A,0,0,0,1,1,N/A
2750939,"November 8, 2023",Ohio,Reynoldsburg,"8579 Summit Rd",0,0,0,0,1,N/A
2751265,"November 8, 2023",Pennsylvania,Philadelphia,"Cecil B Moore Ave and N Broad St",0,0,0,0,0,N/A
2766494,"November 8, 2023",Georgia,Tucker,"2160 Idlewood Rd",0,0,0,0,0,N/A
2750531,"November 7, 2023",Florida,Eustis,"1300 E Washington Ave",0,0,0,0,1,N/A
2749921,"November 7, 2023",Tennessee,Lebanon,"500 Blue Devil Blvd",0,0,0,0,1,N/A
2749926,"November 7, 2023",Tennessee,Nashville,"401 Walton Ln",0,0,0,0,1,N/A
2750082,"November 7, 2023",Oklahoma,"Oklahoma City","11800 N Rockwell Ave",0,0,0,0,1,N/A
2750002,"November 7, 2023",Maryland,"Indian Head","3000 Chicamuxen Rd",0,0,0,0,1,N/A
2750851,"November 7, 2023",Virginia,Blacksburg,"723 University City Blvd",1,0,1,0,0,N/A
2751274,"November 7, 2023",Texas,Allen,"1550 Edelweiss Dr",0,0,0,0,0,N/A
2750007,"November 6, 2023","North Carolina","Cerro Gordo","7294 Andrew Jackson Hwy SW",0,0,0,0,0,N/A
2749288,"November 6, 2023",Texas,Coahoma,"500 High School Dr",0,0,0,0,0,N/A
2751637,"November 6, 2023",Nevada,"Las Vegas","7100 W Dewey Dr",0,0,0,0,1,N/A
2750216,"November 6, 2023",Arkansas,Arkadelphia,"401 High School Dr",0,0,0,0,1,N/A
2751137,"November 6, 2023",Ohio,Toledo,"701 E Central Ave",0,0,0,0,1,N/A
2749349,"November 6, 2023",Utah,Lehi,"211 W Traverse Terrace Dr",0,0,0,0,0,N/A
2749554,"November 6, 2023",Arizona,Wellton,"9168 S Ave 36 E",0,0,0,0,3,N/A
2748104,"November 5, 2023",Illinois,Glenview,"2701 Central Rd",0,0,0,0,0,N/A
2749624,"November 4, 2023","South Carolina",Orangeburg,"300 College Ave",0,0,0,0,1,N/A
2746811,"November 3, 2023",Florida,"Fort Lauderdale","2501 NW 11th St",0,0,0,0,1,N/A
2748392,"November 3, 2023",Ohio,"Dayton (Centerville)","500 E Franklin St",0,0,0,0,1,N/A
2746669,"November 3, 2023",Indiana,Indianapolis,"2255 Ralston Ave",1,0,0,0,1,N/A
2746556,"November 2, 2023",Washington,Puyallup,"105 7th St SW",0,0,0,0,1,N/A
2745940,"November 2, 2023",Maryland,"Mardela Springs","24940 Delmar Rd",0,0,0,0,1,N/A
2748460,"November 2, 2023","New Mexico","Las Cruces","1950 Sonoma Ranch Blvd",0,0,0,0,1,N/A
2746444,"November 2, 2023",Maine,"Presque Isle","33 Edgemont Dr",0,0,0,0,0,N/A
2747062,"November 2, 2023",Alabama,"Smiths Station","4228 Panther Pkwy",0,0,0,0,1,N/A
2746901,"November 2, 2023",Colorado,Denver,"7480 Broadway",0,0,0,0,1,N/A
2746884,"November 2, 2023",Louisiana,"Baton Rouge","1676 Glasgow Ave",0,0,0,0,1,N/A
2746872,"November 2, 2023",Maryland,"Mardela Springs","24940 Delmar Rd",0,0,0,0,0,N/A
2745372,"November 1, 2023",Georgia,Douglasville,"8705 Campbellton St",0,0,0,0,1,N/A
2746256,"November 1, 2023",Maryland,Rosedale,"6700 Kenwood Ave",0,0,0,0,0,N/A
2746677,"November 1, 2023","South Dakota","Rapid City","601 Columbus St",0,0,0,0,0,N/A
2745023,"November 1, 2023",Alabama,Hunstsville,"107 Sanders Rd SW",0,0,0,0,1,N/A
2744651,"October 31, 2023","North Carolina",Asheville,"60 Lees Creek Rd",0,0,0,0,1,N/A
2745260,"October 31, 2023",Wisconsin,Janesville,"3125 Mineral Point Ave",0,0,0,0,1,N/A
2744649,"October 31, 2023",Ohio,Lowellville,"52 Rocket Place",0,0,0,0,0,N/A
2745913,"October 31, 2023",Washington,Centralia,"901 Johnson Rd",0,0,0,0,0,N/A
2744180,"October 31, 2023",Texas,Keller,"250 College Ave",0,0,0,0,1,N/A
2744590,"October 30, 2023",Indiana,Fowlerton,"Kirkwood St and A St",0,0,0,0,1,N/A
2746708,"October 30, 2023","North Carolina",Raleigh,"1830 Walnut View Rd",0,0,0,0,0,N/A
2744908,"October 30, 2023",Pennsylvania,Stroudsburg,"1100 W Main St",0,0,0,0,1,N/A
2745461,"October 30, 2023",Tennessee,"Union City","1111 High School Dr",0,0,0,0,1,N/A
2744030,"October 30, 2023",Georgia,Augusta,"1339 Laney Walker Blvd",0,0,0,0,1,N/A
2744189,"October 29, 2023",Pennsylvania,Indiana,"670 S 11th St",0,0,0,0,1,N/A
2741819,"October 28, 2023",Massachusetts,Worcester,"486 Chandler St",1,1,0,0,1,N/A
2741694,"October 28, 2023",Texas,"San Antonio","8400 N Loop 1604 W",0,0,0,1,0,N/A
2741290,"October 27, 2023",Maryland,Edgewood,"2415 Willoughby Beach Rd",0,0,0,0,1,N/A
2741317,"October 27, 2023",Maryland,Baltimore,"2201 Presstman St",0,1,0,2,5,N/A
2740874,"October 27, 2023",Utah,Logan,"162 W 100 S",0,0,0,0,1,N/A
2741256,"October 27, 2023",Wisconsin,Madison,"2222 E Washington Ave, Madison",0,0,0,0,1,N/A
2741579,"October 27, 2023",Texas,"Port Neches","1401 Merriman St",0,0,0,0,1,N/A
2742361,"October 27, 2023",California,"South Gate","5225 Tweedy Blvd",0,0,0,0,0,N/A
2743407,"October 27, 2023",Indiana,Muncie,"2000 W University Ave",0,0,0,0,1,N/A
2740206,"October 26, 2023","North Carolina","Haw River","3400 S NC-119",0,0,0,0,0,N/A
2740227,"October 26, 2023",Tennessee,Nashville,"1150 Hunters Ln",0,0,0,0,1,N/A
2740089,"October 26, 2023",Virginia,"Virginia Beach","1700 Dahlia Dr",0,0,0,0,1,N/A
2740473,"October 26, 2023",California,"South Gate","5225 Tweedy Blvd",0,0,0,1,1,N/A
2741346,"October 26, 2023",Vermont,Montpelier,"Home Farm Way and E Montpelier Rd",0,0,0,0,0,N/A
2740236,"October 25, 2023",Tennessee,Somerville,"13470 TN-59",0,0,0,0,1,N/A
2738207,"October 25, 2023",Ohio,Cincinnati,"3280 River Rd",1,1,0,0,0,N/A
2737967,"October 25, 2023",Minnesota,"Minneapolis (New Hope)","5530 Zealand Ave N",0,0,0,0,0,N/A
2740517,"October 25, 2023",Texas,"San Antonio","13011 Kyle Seale Pkwy",0,0,0,0,1,N/A
2738950,"October 25, 2023",Louisiana,Shreveport,"9000 Walker Rd",0,0,0,0,1,N/A
2737513,"October 24, 2023",Florida,Miami,"9600 SW 107th Ave",0,0,0,0,1,N/A
2737448,"October 24, 2023",Kansas,Wichita,"2100 W 55th St S",0,0,0,0,1,N/A
2740014,"October 24, 2023","South Carolina","North Charleston","2263 Otranto Rd",0,0,0,0,0,N/A
2737320,"October 24, 2023",Pennsylvania,Mckeesport,"1960 Eden Park Blvd",0,0,0,0,1,N/A
2737997,"October 24, 2023",Minnesota,"Saint Paul (Roseville)","17855 Common Rd",0,0,0,0,0,N/A
2737982,"October 24, 2023",Texas,Pasadena,"1002 Fairmont Pkwy",0,0,0,0,1,N/A
2737554,"October 24, 2023",Maryland,"Gwynn Oak (Woodlawn)","1600 Langford Rd",0,1,0,0,1,N/A
2737855,"October 24, 2023",Arkansas,Springdale,"2811 W Huntsville Ave",0,0,0,0,1,N/A
2737052,"October 24, 2023","South Carolina",Anderson,"806 Pearman Dairy Rd",0,0,0,0,1,N/A
2737423,"October 24, 2023",Kentucky,Franklin,"400 S College St",0,0,0,0,1,N/A
2738935,"October 24, 2023",Florida,Miami,"10855 SW 72nd St",0,0,0,0,1,N/A
2736556,"October 23, 2023",Maryland,Bethesda,"6400 Rock Spring Dr",0,0,0,0,1,N/A
2736706,"October 23, 2023",Wisconsin,Germantown,"N118 W15860 Williams Dr",0,0,1,0,0,N/A
2737535,"October 20, 2023",Nevada,"Las Vegas","1650 Silver Hawk Ave",0,0,0,0,1,N/A
2734302,"October 20, 2023","North Carolina",Boonville,"2516 Longtown Rd",0,0,0,0,1,N/A
2736558,"October 20, 2023",Georgia,Atlanta,"700 Beckwith St SW",0,1,0,0,0,N/A
2734591,"October 20, 2023",Florida,Tampa,"13912 Nine Eagles Dr",1,0,0,0,0,N/A
2795710,"October 20, 2023",Tennessee,Memphis,"3389 Dawn Dr",0,0,0,0,1,N/A
2734544,"October 19, 2023",Georgia,Waynesboro,"356 Southside Dr",0,0,0,0,0,N/A
2734518,"October 19, 2023",Indiana,Evansville,"2319 Stringtown Rd",0,0,0,0,1,N/A
2733807,"October 19, 2023",Michigan,"Harper Woods","20225 Beaconsfield St",0,0,0,0,0,N/A
2734135,"October 19, 2023",Washington,Vancouver,"14300 NE 18th St",0,0,0,0,1,N/A
2733877,"October 19, 2023",Connecticut,Newtown,"3 Primrose St",0,0,0,0,1,N/A
2733122,"October 18, 2023",Kentucky,Louisville,"3510 Goldsmith Ln",0,0,0,0,1,N/A
2733985,"October 18, 2023",Kentucky,Florence,"7056 Burlington Pike",0,0,0,0,1,N/A
2732138,"October 17, 2023",Tennessee,Nashville,"3150 McGavock Pike",0,0,0,0,1,N/A
2732104,"October 17, 2023","North Carolina","Hope Mills","5301 Celebration Dr",0,0,0,0,1,N/A
2733592,"October 17, 2023",California,Stanford,"50-28 Palm Dr",0,1,0,0,1,N/A
2732816,"October 17, 2023",Georgia,Evans,"4550 Cox Rd",0,0,0,0,1,N/A
2741087,"October 16, 2023",Arkansas,Springdale,"101 S Pleasant St",0,0,0,0,1,N/A
2732041,"October 16, 2023",Washington,Wapato,"W C St and N Wasco Ave",0,0,0,0,0,N/A
2732607,"October 16, 2023",California,Adelanto,"15620 Joshua Rd",0,0,0,0,1,N/A
2730430,"October 15, 2023",Texas,Denton,"815 Cross Timber St",1,1,0,0,2,N/A
2730696,"October 15, 2023",Mississippi,Jackson,"1400 Valley St",1,0,0,0,0,N/A
2731875,"October 15, 2023",Missouri,"Saint Louis (Kirkwood)","11287 Manchester Rd",0,0,0,0,1,N/A
2730357,"October 13, 2023",Florida,Tampa,"9401 N Blvd",0,0,0,0,1,N/A
2731228,"October 12, 2023",Indiana,Newburgh,"3344 IN-261",0,0,0,0,0,N/A
2729556,"October 12, 2023","New York",Brooklyn,"2900 Bedford Ave",0,0,0,0,1,N/A
2728105,"October 11, 2023",Maryland,Baltimore,"900 Druid Hill Ave",0,0,0,0,1,N/A
2727805,"October 11, 2023","North Carolina",Albemarle,"311 Park Ridge Rd",0,0,0,0,1,N/A
2728085,"October 11, 2023",Illinois,Chicago,"3151 W Walnut St",0,0,0,0,0,N/A
2745835,"October 11, 2023","South Carolina",Orangeburg,"300 College Ave",0,0,0,0,1,N/A
2729086,"October 11, 2023",California,Bakersfield,"1241 G St",0,0,0,0,4,N/A
2727655,"October 11, 2023",Nevada,Henderson,"460 N Arroyo Grande Blvd",0,0,0,0,1,N/A
2728317,"October 11, 2023",Georgia,Commerce,"1435 Hoods Mill Rd",0,0,0,0,1,N/A
2728346,"October 11, 2023",Texas,"Fort Worth (Forest Hill)","4200 Dorsey St",1,0,0,0,0,N/A
2728888,"October 11, 2023","Rhode Island",Providence,"152 Springfield St",0,0,0,0,0,N/A
2727089,"October 10, 2023","South Carolina",Darlington,"100 Magnolia St",1,0,0,0,1,N/A
2727042,"October 10, 2023",Missouri,"Poplar Bluff","3209 Oak Grove Rd",0,0,0,0,1,N/A
2729540,"October 9, 2023",Maryland,"Sparrows Point","7400 North Point Rd",0,0,0,0,1,N/A
2726613,"October 9, 2023",Ohio,Columbus,"417 S Weyant Ave",0,0,0,0,1,N/A
2726417,"October 9, 2023","North Carolina",Hendersonville,"1909 Four Seasons Blvd",1,0,0,0,1,N/A
2725639,"October 7, 2023",Maryland,Bowie,"Henry Cir",0,2,0,0,0,N/A
2725375,"October 6, 2023","North Carolina",Statesville,"474 N Center St",0,0,0,0,1,N/A
2733642,"October 6, 2023",Louisiana,Thibodaux,"1355 Tiger Dr",0,0,0,0,1,N/A
2725580,"October 6, 2023",Ohio,Whitehouse,"5967 Finzel Rd",0,0,0,0,1,N/A
2725231,"October 6, 2023","New York","New York (Manhattan)","850 10th Ave",0,0,0,0,2,N/A
2729873,"October 6, 2023",Michigan,Ypsilanti,"2095 Packard St",0,0,0,0,1,N/A
2725139,"October 6, 2023",Michigan,"Oak Park","13701 Oak Park Blvd",0,2,0,0,0,N/A
2724881,"October 6, 2023",Maryland,"Glen Burnie","7550 Baltimore Annapolis Blvd",0,0,0,0,1,N/A
2724911,"October 5, 2023",Tennessee,Nashville,"1800 Stratford Ave",0,0,0,0,1,N/A
2724125,"October 5, 2023",Texas,Cibolo,"1300 FM 1103",0,0,0,0,1,N/A
2724075,"October 5, 2023","New Mexico",Albuquerque,"6701 Fortuna Rd NW",0,0,0,0,2,N/A
2723145,"October 4, 2023","North Carolina",Greensboro,"Odell Pl",0,0,0,0,0,N/A
2723032,"October 4, 2023",Washington,Seattle,"400 23rd Ave",0,0,0,0,0,N/A
2723198,"October 4, 2023",Minnesota,"Saint Paul","740 Rose Ave W",0,0,0,0,1,N/A
2722987,"October 4, 2023",Florida,"North Port","2700 Panacea Blvd",0,0,0,0,1,N/A
2724785,"October 4, 2023",Pennsylvania,"East Stroudsburg","5180 Milford Rd",0,0,0,0,0,N/A
2723619,"October 4, 2023",Texas,Lufkin,"309 S Medford Dr",0,0,0,0,1,N/A
2723831,"October 4, 2023","South Carolina",Piedmont,"905 Wren School Rd",0,0,0,0,1,N/A
2723756,"October 4, 2023",California,Fairfield,"205 E Atlantic Ave",0,0,0,0,1,N/A
2722363,"October 3, 2023",Maryland,Baltimore,"1800 Argonne Dr",0,5,0,0,2,N/A
2724248,"October 3, 2023",Vermont,"Fair Haven (Fairhaven)","Cottage St",0,0,0,0,2,N/A
2722255,"October 3, 2023","North Carolina",Warsaw,"1241 NC 24 and 50 Hwy",0,0,0,0,1,N/A
2724006,"October 3, 2023",Indiana,Evansville,"2319 Stringtown Rd",0,0,0,0,2,N/A
2723837,"October 3, 2023","South Carolina","Little River","2100 Firetower Rd",0,0,0,0,0,N/A
2722339,"October 3, 2023",Pennsylvania,Philadelphia,"1600 block of N Broad St",0,1,0,0,0,N/A
2721350,"October 2, 2023",Pennsylvania,Greensburg,"4345 PA-136",0,0,0,0,0,N/A
2722031,"October 2, 2023",Florida,Tampa,"17410 Commerce Park Blvd",0,0,0,0,1,N/A
2723797,"October 2, 2023","South Carolina",Seneca,N/A,0,0,0,0,0,N/A
2720601,"October 1, 2023",Pennsylvania,Philadelphia,"1700 block of N 11th St",0,1,0,0,0,N/A
2720457,"September 30, 2023",Tennessee,Jackson,"179 Allen Ave",0,2,0,0,0,N/A
2719899,"September 30, 2023",Georgia,Griffin,"310 E Poplar St",1,0,0,0,1,N/A
2718859,"September 29, 2023","North Carolina",Mebane,"3224 Old Hillsborough Rd",0,0,0,0,1,N/A
2718666,"September 29, 2023","South Carolina",Hemingway,"13000 Choppee Rd",0,0,0,0,2,N/A
2719783,"September 29, 2023","North Carolina",Greensboro,"1200 Lincoln St",1,1,0,0,2,N/A
2720722,"September 29, 2023",Alaska,Wasilla,N/A,0,0,0,0,0,N/A
2718119,"September 28, 2023",Michigan,"Bay City","3201 Kiesel Rd",0,0,0,0,1,N/A
2718191,"September 28, 2023",Georgia,Columbus,"1136 Hunt Ave",0,0,0,1,2,N/A
2718698,"September 28, 2023","New York",Bronx,"470 Jackson Ave",0,0,0,0,1,N/A
2774543,"September 27, 2023",Tennessee,Memphis,"3306 Overton Crossing St",0,0,0,0,1,N/A
2718054,"September 27, 2023",Wisconsin,Janesville,"1515 Lapham St",0,0,0,0,1,N/A
2716918,"September 27, 2023",Texas,Houston,"11625 Martindale Rd",0,0,0,0,1,N/A
2724756,"September 27, 2023",Virginia,Palmyra,"479 Cunningham Rd",0,0,0,0,1,N/A
2717961,"September 27, 2023",Virginia,Lawrenceville,"2171 Lawrenceville Plank Rd",0,0,0,0,1,N/A
2717956,"September 27, 2023",Virginia,Norfolk,"Kenton Ave and Cary Ave",0,0,0,0,1,N/A
2728412,"September 27, 2023","New Jersey",Plainfield,"1049 Central Ave",0,0,0,0,0,N/A
2718487,"September 27, 2023",Illinois,Marion,"1609 W Main St",0,0,0,0,1,N/A
2716644,"September 27, 2023","South Carolina",Simpsonville,"3665 S Industrial Dr",0,0,0,0,2,N/A
2718025,"September 27, 2023",California,Berkeley,"1980 Allston Way",0,0,0,0,2,N/A
2718360,"September 27, 2023",Mississippi,Kiln,"7084 Stennis Airport Rd",0,0,0,0,2,N/A
2718045,"September 26, 2023","New Mexico","Rio Rancho","301 Loma Colorado Blvd NE",0,0,0,0,1,N/A
2716353,"September 26, 2023",Texas,Canton,"1110 TX-243",0,0,0,0,1,N/A
2717110,"September 26, 2023",Pennsylvania,Philadelphia,"2700 block of N Orkney St",0,1,0,0,0,N/A
2715510,"September 25, 2023",Texas,Odessa,"1800 E 42nd St",0,0,0,0,1,N/A
2715607,"September 25, 2023",Maryland,Baltimore,"1400 Orleans St",0,0,0,1,0,N/A
2720585,"September 25, 2023",Pennsylvania,Allentown,"106 N 17th St",0,0,0,0,1,N/A
2715431,"September 25, 2023",Minnesota,"Saint Paul (Roseville)","1240 County Rd B2 W",0,0,0,0,1,N/A
2715428,"September 25, 2023",Minnesota,"Saint Paul (Roseville)","1240 County Rd B2 W",0,0,0,0,1,N/A
2714517,"September 24, 2023",Alabama,Tuskegee,"1200 W Montgomery Rd",0,2,0,0,0,N/A
2713285,"September 22, 2023",Arizona,Phoenix,"1101 E Thomas Rd",0,0,0,0,1,N/A
2714739,"September 22, 2023",Ohio,Lorain,"2600 Ashland Ave",0,0,0,0,0,N/A
2714676,"September 22, 2023",Kentucky,Louisville,"4409 Preston Hwy",0,0,0,0,0,N/A
2718098,"September 22, 2023",Kentucky,Louisville,"1312 Catalpa St",0,0,0,0,1,N/A
2716089,"September 22, 2023",Kansas,Ulysses,"113 N Colorado St",0,0,0,0,0,N/A
2712953,"September 22, 2023",Tennessee,Nashville,"3150 McGavock Pike",0,0,0,0,1,N/A
2728407,"September 22, 2023","New Mexico",Deming,"1910 8th St",0,0,0,0,1,N/A
2714100,"September 22, 2023",Wisconsin,Milwaukee,"9700 W Grantosa Dr",0,0,0,0,1,N/A
2713018,"September 22, 2023","North Carolina","Rocky Mount","991 S Winstead Ave",0,0,0,0,0,N/A
2712398,"September 21, 2023",Alabama,Anniston,"4401 Saks Rd",0,0,0,0,1,N/A
2716785,"September 21, 2023",Wisconsin,Milwaukee,"6945 N 41st St",0,0,0,0,1,N/A
2714522,"September 21, 2023",Arizona,Phoenix,"1101 E Thomas Rd",0,0,0,0,1,N/A
2712502,"September 21, 2023",Florida,Milton,"5445 King Arthurs Way",0,0,0,0,2,N/A
2711513,"September 20, 2023",Maryland,"Hyattsville (Landover)","6501 Columbia Park Rd",0,0,0,0,1,N/A
2712509,"September 20, 2023",Alabama,Tuscaloosa,"300 Patriot Pw",0,0,0,0,1,N/A
2713313,"September 20, 2023","North Carolina",Clayton,"600 S Fayetteville St",0,0,0,0,1,N/A
2712553,"September 19, 2023",Pennsylvania,"Du Bois (Dubois)","425 Orient Ave",0,0,0,0,1,N/A
2710743,"September 18, 2023",Mississippi,Jackson,"2400 Robinson St",0,0,0,0,1,N/A
2709682,"September 18, 2023",Illinois,Belleville,"4063 Frank Scott Pkwy W",0,0,0,0,1,N/A
2713707,"September 18, 2023",Texas,"Texas City","1431 9th Ave N",0,0,0,0,1,N/A
2709386,"September 18, 2023",Maryland,Columbia,"9410 Kilimanjaro Rd",0,0,0,0,1,N/A
2709689,"September 18, 2023",Texas,"San Antonio","4427 Chandler Rd",0,0,0,0,1,N/A
2710080,"September 18, 2023",Georgia,Elberton,"1108 Athens Tech Dr",0,0,0,0,1,N/A
2711746,"September 18, 2023",Massachusetts,Worcester,"22 Waverly St",0,0,0,0,1,N/A
2709933,"September 17, 2023",Kentucky,Frankfort,"400 E Main St",0,0,0,0,1,N/A
2708850,"September 16, 2023",Indiana,Muncie,"1401 W Neely Ave",0,0,0,0,0,N/A
2708435,"September 15, 2023","North Carolina",Elkin,"135 Old Virginia Rd",0,0,0,0,0,N/A
2708531,"September 15, 2023",Kansas,"Kansas City","2501 Minnesota Ave",0,0,0,0,1,N/A
2707831,"September 15, 2023",California,Banning,"100 W Westward Ave",0,0,0,0,1,N/A
2707880,"September 15, 2023",Illinois,"Country Club Hills","17401 Pulaski Rd",1,0,0,0,0,N/A
2707733,"September 15, 2023",California,Hollister,"1220 Monterey St",0,0,0,0,1,N/A
2707657,"September 15, 2023",Ohio,Dayton,"3640 Colonel Glenn Hwy",0,0,0,0,1,N/A
2709556,"September 14, 2023",Minnesota,"Minneapolis (Edina)","6754 Valley View Rd",0,0,0,0,1,N/A
2707420,"September 14, 2023","North Carolina",Jacksonville,"365 Commons Dr S",0,0,0,0,1,N/A
2707356,"September 14, 2023",Alabama,Cherokee,"1305 N Pike",0,0,0,0,0,N/A
2706716,"September 14, 2023",Maine,Westbrook,"125 Stroudwater St",0,0,0,0,1,N/A
2707949,"September 14, 2023",Idaho,Jerome,"104 S Tiger Dr",0,0,0,0,1,N/A
2706964,"September 14, 2023",Kentucky,Louisville,"3526 W Muhammad Ali Blvd",0,0,0,0,0,N/A
2705757,"September 13, 2023",Mississippi,Gulfport,"100 Perry St",0,0,0,0,2,N/A
2706183,"September 13, 2023",Alabama,Prattville,"1315 Upper Kingston Rd",0,0,0,0,1,N/A
2706165,"September 13, 2023",Massachusetts,Lowell,"67 Middle St",0,0,0,0,1,N/A
2706401,"September 13, 2023",Pennsylvania,Lancaster,"1051 Lehigh Ave",0,0,0,0,1,N/A
2705962,"September 13, 2023","North Carolina","Chapel Hill","209 South Rd",0,0,0,0,1,N/A
2707412,"September 13, 2023",Delaware,Newark,"2575 Glasgow Ave",0,0,0,0,1,N/A
2706588,"September 13, 2023",Florida,Deland,"1400 Aquarius Ave",0,0,0,1,0,N/A
2705269,"September 12, 2023",Florida,Bradenton,"1200 37th Ave E",0,0,0,0,1,N/A
2704999,"September 12, 2023",Louisiana,Greensburg,"14340 Highway 37",1,2,0,0,1,N/A
2705024,"September 12, 2023","North Carolina",Raleigh,"8301 Old Lead Mine Rd",0,0,0,0,0,N/A
2704977,"September 12, 2023","New York",Bronx,"328 Beekman Ave",0,1,0,0,1,N/A
2704467,"September 11, 2023",Arkansas,"North Little Rock","801 W 29th St",0,0,0,0,0,N/A
2724192,"September 11, 2023",Illinois,"Elk Grove Village","500 W Elk Grove Blvd",0,0,0,0,1,N/A
2706068,"September 11, 2023",Texas,Edcouch,"601 N Yellow Jacket Dr",0,0,0,0,1,N/A
2704321,"September 11, 2023",Texas,Odessa,"601 E 38th St",0,0,0,0,1,N/A
2708098,"September 11, 2023",Indiana,"Michigan City","8466 W Pahs Rd",0,0,0,0,1,N/A
2705559,"September 11, 2023",Ohio,Toledo,"222 McTigue Dr",0,0,0,0,1,N/A
2704721,"September 11, 2023",California,Merced,"2768 Ranchero Ln",0,0,0,0,0,N/A
2714120,"September 11, 2023",Wisconsin,Milwaukee,"1011 W Center St",0,0,0,0,1,N/A
2710001,"September 10, 2023",Montana,Missoula,"32 Campus Dr",0,0,0,0,1,N/A
2703083,"September 9, 2023",Arkansas,"Little Rock","3200 Coleman Place",1,0,0,0,0,N/A
2702961,"September 9, 2023","New York",Utica,"1203 Hilton Ave",0,1,0,0,1,N/A
2704401,"September 8, 2023","New Mexico",Roswell,"500 W Hobbs St",0,0,0,0,1,N/A
2702932,"September 8, 2023",Ohio,Dayton,"4401 Free Pike",0,0,0,0,0,N/A
2702230,"September 8, 2023",California,Fortuna,"2292 Newburg Rd",0,0,0,0,1,N/A
2703804,"September 8, 2023",Virginia,Manassas,"13833 Dumfries Rd",0,0,0,0,0,N/A
2701976,"September 8, 2023",Washington,Everett,"7701 Hardeson Rd",1,0,0,0,2,N/A
2702642,"September 8, 2023","South Carolina",Summerville,"1101 Boone Hill Rd",0,0,0,0,1,N/A
2702298,"September 8, 2023","North Carolina",Lumberton,"3901 Fayetteville Rd",0,0,0,0,2,N/A
2705525,"September 8, 2023","New Mexico",Albuquerque,"10800 Dennis Chavez Blvd SW",0,0,0,0,2,N/A
2703239,"September 8, 2023",Alabama,Mobile,"3900 Pleasant Valley Rd",0,0,0,0,1,N/A
2701491,"September 7, 2023",Arizona,Phoenix,"3415 N 59th Ave",0,0,0,0,1,N/A
2700482,"September 6, 2023",Ohio,Columbus,"230 W 10th Ave",0,0,0,0,1,N/A
2700754,"September 6, 2023",Texas,Whitehouse,"901 E Main St",0,0,0,0,0,N/A
2700399,"September 6, 2023",Washington,Olympia,"2707 Conger Ave NW",0,0,0,0,1,N/A
2701287,"September 6, 2023",Texas,Richmond,"6707 FM 1464",0,0,0,0,2,N/A
2702065,"September 6, 2023","North Carolina","High Point","7847 Clinard Farms Rd",0,0,0,0,1,N/A
2700987,"September 6, 2023",Virginia,Hampton,"1646 Briarfield Rd",0,0,0,0,1,N/A
2700841,"September 6, 2023",Maryland,Baltimore,"801 Bridgeview Rd",0,0,0,0,1,N/A
2700608,"September 5, 2023","South Carolina",Dillon,"926 State Rd S-17-338",0,0,0,0,0,N/A
2700552,"September 5, 2023",Florida,Jacksonville,"4815 Wesconnett Blvd",0,0,0,0,1,N/A
2699373,"September 5, 2023",California,Bakersfield,"300 Galaxy Ave",0,0,0,0,1,N/A
2700063,"September 5, 2023",Oklahoma,"Sand Springs","104 W 4th St",0,0,0,0,0,N/A
2699496,"September 5, 2023",California,Oakland,"12250 Skyline Blvd",0,0,0,0,3,N/A
2699904,"September 5, 2023",Arizona,Phoenix,"3000 N 19th Ave",0,0,0,0,1,N/A
2698334,"September 2, 2023",Tennessee,Nashville,"2400 Blakemore Ave",0,0,0,0,0,N/A
2696563,"September 1, 2023",Indiana,Avon,"7203 US-36",0,0,0,0,1,N/A
2700684,"September 1, 2023",Tennessee,Maryville,"3741 E Lamar Alexander Pkwy",0,0,0,0,1,N/A
2696482,"September 1, 2023","South Carolina",Lexington,"180 Midway Road",0,0,0,0,1,N/A
2696512,"September 1, 2023",Florida,Tampa,"5000 N Central Ave",0,0,0,0,1,N/A
2697408,"September 1, 2023",Florida,Riverview,"8538 Eagle Palm Dr",0,0,0,0,1,N/A
2696970,"September 1, 2023",Louisiana,"Port Allen","3553 Rosedale Rd",1,1,0,0,1,N/A
2700889,"September 1, 2023",Tennessee,Louisville,"6000 Brownsboro Rd",0,0,0,0,1,N/A
2696730,"August 31, 2023",Texas,"North Richland Hills","9200 Mid Cities Blvd",0,0,0,0,1,N/A
2695713,"August 31, 2023",Georgia,Sharpsburg,"400 Sharpsburg McCollum Rd",0,0,0,0,1,N/A
2697273,"August 31, 2023",California,"Santa Monica","1900 Pico Blvd",0,0,0,0,1,N/A
2696053,"August 30, 2023",Texas,Temple,"415 N 31st St",0,0,0,0,1,N/A
2695792,"August 30, 2023",Nevada,"Las Vegas","3800 E Harris Ave",0,0,0,0,1,N/A
2694555,"August 30, 2023",Alabama,Harvest,"2680 Jeff Rd NW",0,0,0,0,1,N/A
2695190,"August 30, 2023",Arkansas,"Fort Smith","2301 N B St",0,0,0,0,1,N/A
2694792,"August 29, 2023",Georgia,Atlanta,"211 Memorial Dr SE",0,0,0,0,0,N/A
2694853,"August 29, 2023",Alaska,Anchorage,"4025 E Northern Lights Blvd",0,0,0,0,0,N/A
2692873,"August 28, 2023","North Carolina","Chapel Hill","131 South Rd",1,0,0,0,1,N/A
2692924,"August 28, 2023","North Carolina",Greensboro,"409 Friendway Rd",0,0,0,0,1,N/A
2693383,"August 28, 2023",Arizona,Phoenix,"2620 E Liberty Ln",0,0,0,0,0,N/A
2693380,"August 28, 2023",Louisiana,Slidell,"300 Spartan Dr",0,0,0,0,1,N/A
2691403,"August 25, 2023",Alabama,Flomaton,"21200 US-31",0,0,0,0,1,N/A
2690672,"August 25, 2023",Maryland,"Hyattsville (Adelphi)","8820 Riggs Rd",0,0,0,0,0,N/A
2691405,"August 25, 2023",Florida,"Lake City","469 SW Fighting Tiger Dr",0,0,0,0,2,N/A
2690422,"August 25, 2023",Illinois,Cicero,"5425 W 31st St",0,0,0,0,1,N/A
2690901,"August 25, 2023",Oklahoma,Choctaw,"14300 NE 10th St",1,2,0,0,1,N/A
2691101,"August 25, 2023","North Carolina",Greensboro,"1403 John W Mitchell Dr",0,1,0,0,1,N/A
2691013,"August 25, 2023",California,"Los Angeles","300 E 53rd St",0,1,0,0,0,N/A
2691037,"August 25, 2023",Alabama,"Bessemer (Hueytown)","4881 15th St Rd",0,0,0,0,1,N/A
2691167,"August 25, 2023",Arizona,Goodyear,"14802 W Wigwam Blvd",0,0,0,0,1,N/A
2691086,"August 25, 2023",Pennsylvania,Abington,"900 Highland Ave",0,0,0,0,1,N/A
2691667,"August 25, 2023",Oklahoma,Tulsa,"1514 E Zion St",0,0,0,0,0,N/A
2693394,"August 25, 2023",Ohio,Toledo,"701 E Central Ave",0,0,0,0,2,N/A
2691060,"August 25, 2023","South Carolina",Georgetown,"2500 Anthuan Maybank Dr",0,0,0,0,1,N/A
2691614,"August 25, 2023",Georgia,Columbus,"400 4th St",0,0,0,0,3,N/A
2690363,"August 24, 2023",Indiana,Evansville,"635 Lincoln Ave",0,0,0,0,1,N/A
2690682,"August 24, 2023",Arizona,Mesa,"10045 E Madero Ave",0,0,0,0,1,N/A
2691265,"August 24, 2023",Louisiana,"Ville Platte","210 W Cotton St",0,0,0,0,0,N/A
2689644,"August 24, 2023",Georgia,Marietta,"1171 Whitlock Ave NW",0,0,0,0,1,N/A
2688643,"August 23, 2023",Tennessee,Clarksville,"251 E Pine Mountain Rd",0,0,0,0,1,N/A
2689510,"August 23, 2023",Texas,Lubbock,"3211 47th St",0,0,0,0,0,N/A
2688223,"August 22, 2023",Texas,Seguin,"215 Short Ave",0,0,0,0,0,N/A
2687858,"August 22, 2023",Tennessee,Crossville,"1219 Cook Rd",0,0,0,0,2,N/A
2688269,"August 22, 2023","North Carolina","Winston Salem (Winston-salem)","1600 Brewer Rd",0,0,0,0,1,N/A
2688410,"August 22, 2023",Alabama,Huntsville,"4900 Meridian St",0,0,0,2,2,N/A
2693023,"August 22, 2023",Idaho,Castleford,"500 Main St",0,0,0,0,1,N/A
2688931,"August 22, 2023",Indiana,Indianapolis,"2255 Ralston Ave",0,0,0,0,1,N/A
2688208,"August 22, 2023",Ohio,Hamden,"38234 OH-93",0,0,0,0,1,N/A
2689995,"August 21, 2023",Illinois,Palatine,"1111 N Rohlwing Rd",0,0,0,0,1,N/A
2687211,"August 21, 2023",Florida,Bradenton,"1200 37th Ave E",0,0,0,0,1,N/A
2688011,"August 21, 2023",Florida,"Coconut Creek","1400 NW 44th Ave",0,0,0,0,1,N/A
2686804,"August 21, 2023",Louisiana,Rayville,"193 LA-3048",0,0,0,0,0,N/A
2686718,"August 21, 2023","South Carolina","Goose Creek","98 Westview Blvd",0,0,0,0,2,N/A
2687564,"August 21, 2023",Arkansas,Fayetteville,"994 MLK Jr Blvd",0,0,0,0,0,N/A
2691160,"August 19, 2023","South Carolina",Orangeburg,"300 College Ave",0,0,0,0,1,N/A
2691152,"August 19, 2023","South Carolina",Orangeburg,"300 College Ave",0,0,0,0,1,N/A
2691157,"August 19, 2023","South Carolina",Orangeburg,"300 College Ave",0,0,0,0,1,N/A
2691148,"August 19, 2023","South Carolina",Orangeburg,"Geathers St",0,0,0,0,1,N/A
2718220,"August 18, 2023",Georgia,Columbus,"4150 Cusseta Rd",0,0,0,0,1,N/A
2687314,"August 18, 2023",Indiana,Indianapolis,"1500 E Michigan St",0,0,0,0,1,N/A
2684781,"August 18, 2023",Ohio,"Canal Winchester","300 Washington St",0,0,0,0,3,N/A
2685423,"August 18, 2023",Tennessee,Nashville,"1800 Stratford Ave",0,0,0,0,1,N/A
2684319,"August 18, 2023",Georgia,Columbus,"38 Clearview Cir",1,0,1,0,0,N/A
2685344,"August 18, 2023",Georgia,Jonesboro,"1055 Battle Creek Rd",0,1,0,0,0,N/A
2691234,"August 18, 2023",California,"Simi Valley","1402 Royal Ave",0,0,0,0,1,N/A
2684343,"August 18, 2023","South Carolina",Cheraw,"1010 W Greene St",0,0,0,0,1,N/A
2685465,"August 18, 2023",Florida,Jacksonville,"590 Duval Station Rd",0,0,0,1,0,N/A
2686726,"August 18, 2023","South Carolina",Summerville,"850 S Magnolia St",0,0,0,0,1,N/A
2685802,"August 18, 2023",California,"Rancho Cucamonga","13500 Victoria St",0,1,0,0,0,N/A
2684001,"August 17, 2023",Texas,Midland,"906 W Illinois Ave",0,0,0,0,1,N/A
2702845,"August 17, 2023","North Carolina",Statesville,"213 Warrior Dr",0,0,0,0,1,N/A
2683400,"August 17, 2023",Indiana,Indianapolis,"1500 E Michigan St",0,0,0,0,1,N/A
2683377,"August 17, 2023",Indiana,Frankfort,"1 S Maish Rd",0,0,0,0,1,N/A
2691162,"August 17, 2023","South Carolina",Roebuck,"1050 Cavalier Way",0,0,0,0,0,N/A
2683959,"August 16, 2023",Texas,Humble,"13300 Will Clayton Pkwy",0,0,0,0,2,N/A
2682761,"August 16, 2023",Texas,Rosharon,"801 Caldwell Ranch Blvd",0,0,0,0,1,N/A
2683979,"August 16, 2023",Texas,"Sugar Land","550 Dulles Ave",0,0,0,0,1,N/A
2682566,"August 16, 2023",Georgia,Augusta,"1701 15th St",0,1,0,0,1,N/A
2682459,"August 16, 2023",Texas,Terrell,"Trailview Dr and Town North Dr",1,0,0,0,1,N/A
2686744,"August 16, 2023",Arkansas,"Fort Smith","2301 N B St",0,0,0,0,1,N/A
2681942,"August 15, 2023",Pennsylvania,Philadelphia,"700 block of S 42nd St",0,1,0,0,0,N/A
2682023,"August 15, 2023",Texas,"San Antonio","1200 block of Enrique Barrera Pkwy",0,0,0,0,0,N/A
2683386,"August 15, 2023",Indiana,Indianapolis,"9500 E 16th St",0,0,0,0,1,N/A
2684205,"August 15, 2023",Illinois,Paris,"437 W Washington St",0,0,0,0,3,N/A
2696985,"August 14, 2023",Kentucky,Waynesburg,"75 Tick Ridge Rd",0,0,0,0,1,N/A
2680971,"August 14, 2023",Tennessee,Nashville,"110 Gallatin Ave",0,0,0,0,1,N/A
2681239,"August 11, 2023","North Carolina",Greensboro,"1200 Lincoln St",0,0,0,0,2,N/A
2678199,"August 10, 2023",Tennessee,Cordova,"1800 Berryhill Rd",0,0,0,0,4,N/A
2677668,"August 10, 2023",Indiana,Indianapolis,"1801 E 86th St",0,0,0,0,1,N/A
2699341,"August 10, 2023","North Carolina",Statesville,"213 Warrior Dr",0,0,0,0,0,N/A
2677159,"August 10, 2023",Arizona,Phoenix,"3921 W Baseline Rd",0,0,0,0,1,N/A
2676410,"August 9, 2023",Indiana,"Whiteland (New Whiteland)","900 Sawmill Rd",0,0,0,0,1,N/A
2676437,"August 9, 2023",Indiana,Lawrenceburg,"100 Tiger Blvd",0,0,0,0,1,N/A
2674943,"August 7, 2023",Texas,Mesquite,"3300 E Cartwright Rd",0,0,0,0,1,N/A
2674588,"August 5, 2023",Illinois,Evanston,"2424 Lake St",0,0,0,0,0,N/A
2673722,"August 4, 2023",Tennessee,Memphis,"415 State St",0,0,0,0,0,N/A
2674128,"August 4, 2023",Maryland,"Upper Marlboro","505 Largo Rd",0,0,0,0,1,N/A
2672629,"August 3, 2023",California,Oakley,"1050 Neroly Rd",0,0,0,0,1,N/A
2670782,"August 2, 2023",Georgia,Covington,"11649 Bypass Rd",0,0,0,0,0,N/A
2670404,"July 31, 2023",Indiana,Indianapolis,"1500 E Michigan St",0,0,0,0,1,N/A
2668383,"July 31, 2023",Tennessee,Memphis,"390 S White Station Rd",0,0,0,1,0,N/A
2667666,"July 27, 2023","New York","Mount Vernon","100 California Rd",0,0,0,0,1,N/A
2663163,"July 25, 2023",Tennessee,Memphis,"778 Parkrose Rd",0,1,0,0,0,N/A
2660496,"July 22, 2023",Georgia,Athens,"S Jackson St and Fulton St",0,1,0,0,2,N/A
2658560,"July 19, 2023",Nebraska,Lincoln,"Salt Creek Roadway and N 14th St",0,0,0,0,0,N/A
2794359,"July 19, 2023",California,"Huntington Beach","15744 Goldenwest St",0,0,0,0,1,N/A
2656757,"July 13, 2023",Wisconsin,Milwaukee,"8400 W Burleigh St",0,0,0,0,1,N/A
2651532,"July 13, 2023","District of Columbia",Washington,"600 block of Bryant St NW",1,0,0,0,1,N/A
2653242,"July 11, 2023",Virginia,Gloucester,"6099 T C Walker Rd",0,0,0,0,4,N/A
2648691,"July 10, 2023",Maryland,"Capitol Heights","200 Cabin Branch Rd",0,0,0,0,1,N/A
2643757,"July 5, 2023","District of Columbia",Washington,"620 Michigan Ave NE",1,0,0,0,1,N/A
2645787,"July 2, 2023","New York",Albany,"391 Western Ave",0,0,0,0,1,N/A
2635020,"June 23, 2023","New Mexico",Albuquerque,"721 Tomasita St NE",0,1,0,0,1,N/A
2627627,"June 16, 2023",Massachusetts,Boston,"55 Malcolm X Blvd",0,0,0,0,1,N/A
2627865,"June 15, 2023",Louisiana,Shreveport,"5939 Old Mooringsport Rd",0,0,0,0,1,N/A
2625692,"June 13, 2023",Massachusetts,Quincy,"875 Hancock St",0,0,0,0,0,N/A
2625367,"June 12, 2023","New York",Freeport,"50 S Brookside Ave",0,0,0,0,1,N/A
2621053,"June 9, 2023","District of Columbia",Washington,"3264 Stanton Rd SE",0,1,0,0,0,N/A
2620907,"June 9, 2023",Maryland,"Bowie (Mitchellville)","2112 Church Rd",0,0,0,0,1,N/A
2620379,"June 8, 2023",Pennsylvania,Uniontown,"146 E Fayette St",0,0,0,0,0,N/A
2619530,"June 7, 2023",Texas,"San Antonio","7618 E Evans Rd",0,0,0,0,2,N/A
2619238,"June 7, 2023",Wisconsin,Milwaukee,"N 15th St and W Meinecke Ave",0,0,0,0,0,N/A
2618358,"June 6, 2023",Virginia,Richmond,"6 N Laurel St",2,5,0,0,1,N/A
2618525,"June 6, 2023",Pennsylvania,Philadelphia,"4300 Tacony St",0,0,0,0,1,N/A
2617497,"June 5, 2023",Utah,"Salt Lake City","2166 S 1700 E",0,0,0,0,2,N/A
2617124,"June 5, 2023",Michigan,Warren,"31300 Ryan Rd",0,0,0,0,1,N/A
2618343,"June 2, 2023",Wisconsin,Madison,"702 Pflaum Rd",0,0,0,0,1,N/A
2616067,"June 2, 2023",California,"San Mateo","506 N Delaware St",0,0,0,0,2,N/A
2614659,"June 2, 2023","New York","Staten Island","101 Belmont Pl",0,0,0,0,1,N/A
2758087,"June 1, 2023",Kentucky,Louisville,"3807 Klondike Ln",0,0,0,0,1,N/A
2639325,"June 1, 2023",Michigan,Bridgeport,"4691 Bear Cat Blvd",0,0,0,0,1,N/A
2614603,"May 31, 2023",California,Menifee,"28100 Calm Horizon Dr",0,0,0,0,1,N/A
2613532,"May 31, 2023",Virginia,Richmond,"6901 Messer Rd",0,0,0,0,1,N/A
2617161,"May 31, 2023",Michigan,"Harper Woods","20225 Beaconsfield St",0,0,0,0,1,N/A
2613950,"May 31, 2023",Indiana,"Columbia City","1692 IN-9",0,0,0,0,0,N/A
2608980,"May 26, 2023",Texas,"San Antonio","14800 Judson Rd",0,0,0,0,1,N/A
2609942,"May 26, 2023",California,"Moreno Valley","17750 Lasselle St",0,0,0,0,1,N/A
2608891,"May 26, 2023",Texas,Houston,"16713 Ella Blvd",0,0,0,0,2,N/A
2608570,"May 25, 2023",Indiana,Indianapolis,"3010 N White River Pkwy E Dr",0,0,0,0,1,N/A
2608159,"May 25, 2023",Arizona,Tucson,"1346 N Stone Ave",0,0,0,0,1,N/A
2608256,"May 25, 2023",Hawaii,Kapolei,"91-5335 Kapolei Pkwy",0,0,0,0,1,N/A
2609086,"May 24, 2023",Texas,Dallas,"100 S Glasgow Dr",0,0,0,0,1,N/A
2606670,"May 24, 2023","North Carolina",Greenville,"600 W Arlington Blvd",0,1,0,0,3,N/A
2607974,"May 24, 2023",Utah,"American Fork","20 W 1120 N",0,0,0,0,1,N/A
2606987,"May 24, 2023",California,"Santa Maria","675 Panther Dr",0,0,0,0,1,N/A
2606723,"May 24, 2023",Pennsylvania,Pittsburgh,"2323 Brighton Rd",1,0,0,0,1,N/A
2606261,"May 23, 2023",Kentucky,Louisville,"6300 Terry Rd",0,0,0,0,1,N/A
2608839,"May 23, 2023",Texas,Houston,"15150 Wallisville Rd",0,0,0,0,1,N/A
2605505,"May 22, 2023",Ohio,Columbus,"1500 E Broad St",0,0,0,0,2,N/A
2608988,"May 22, 2023",Missouri,"Kansas City","3100 NE 46th St",0,0,0,0,0,N/A
2606091,"May 22, 2023",Michigan,Ypsilanti,"Concord Dr and Bedford Dr",0,0,0,0,2,N/A
2605863,"May 22, 2023",Utah,"Salt Lake City (Kearns)","5525 Cougar Ln",0,0,0,0,0,N/A
2606557,"May 22, 2023",California,"San Diego","3950 Byrd St",0,0,0,0,0,N/A
2605406,"May 22, 2023",Massachusetts,Danvers,"72 Spring St",0,0,0,0,0,N/A
2605147,"May 19, 2023",Louisiana,Garyville,"240 LA-54",0,0,0,0,3,N/A
2602735,"May 19, 2023",Virginia,Fredericksburg,"6320 Harrison Rd",0,0,0,0,1,N/A
2603051,"May 19, 2023",Alabama,Harvest,"2616 Jeff Rd NW",0,0,0,0,0,N/A
2602748,"May 19, 2023",Arizona,Phoenix,"3535 N 27th Ave",0,0,0,0,1,N/A
2602920,"May 18, 2023",Florida,"Saint Petersburg","850 34th St S",0,0,0,0,2,N/A
2608157,"May 18, 2023","New York",Clarence,"5150 Old Goodrich Rd",0,0,0,0,0,N/A
2602744,"May 18, 2023",Virginia,Norfolk,"730 Spotswood Ave",0,0,0,0,1,N/A
2601586,"May 18, 2023",Maryland,Cheltenham,"9400 Surratts Rd",0,0,0,0,1,N/A
2602362,"May 18, 2023",Illinois,"Pleasant Hill","501 E Quincy St",0,0,0,0,1,N/A
2603169,"May 18, 2023",Georgia,Marietta,"1171 Whitlock Ave NW",0,0,0,0,1,N/A
2602538,"May 17, 2023",Texas,"El Paso","7000 Dyer St",0,0,0,0,1,N/A
2601866,"May 17, 2023",Illinois,"El Paso","600 N Elm St",0,0,0,0,0,N/A
2602624,"May 17, 2023",California,"San Jose","2001 Cottle Ave",0,0,0,0,1,N/A
2602282,"May 17, 2023",Nevada,"North Las Vegas","3200 W Alexander Rd",0,0,0,0,1,N/A
2600877,"May 17, 2023",Louisiana,Shreveport,"3201 Line Ave",0,0,0,0,1,N/A
2600771,"May 17, 2023","District of Columbia",Washington,"4301 13th St NW",1,0,0,0,0,N/A
2601213,"May 16, 2023",Texas,Houston,"9400 Irvington Blvd",0,0,0,0,1,N/A
2601208,"May 16, 2023",Texas,"Corpus Christi","5225 Gollihar Rd",0,0,0,0,2,N/A
2600273,"May 16, 2023",Virginia,"Glen Allen","9500 Norfolk St",0,0,0,0,0,N/A
2599890,"May 16, 2023",Mississippi,"New Augusta","9899 US-98 E",0,0,0,0,0,N/A
2600061,"May 16, 2023",Nebraska,Omaha,"5105 Bedford Ave",0,0,0,0,1,N/A
2603652,"May 16, 2023","New Jersey",Paterson,"322 10th Ave",0,0,0,0,1,N/A
2601542,"May 15, 2023",Indiana,Indianapolis,"1635 W Michigan St",0,0,0,0,2,N/A
2599399,"May 15, 2023",Oklahoma,"Oklahoma City","6708 S Santa Fe Ave",0,0,0,0,1,N/A
2700853,"May 12, 2023",Ohio,Dayton,"31 Willowwood Dr",0,0,0,0,1,N/A
2596672,"May 12, 2023","South Carolina",Bennettsville,"301 Jefferson St",0,0,0,0,0,N/A
2597548,"May 12, 2023",Nebraska,Chadron,"1000 Main St",0,0,0,0,1,N/A
2598506,"May 12, 2023",Georgia,Loganville,"50 Hope Holw Rd",0,0,0,0,2,N/A
2596876,"May 12, 2023",Tennessee,"Lenoir City","1485 Old Hwy 95",1,0,0,0,0,N/A
2596869,"May 12, 2023",Kentucky,Waddy,"8300 Frankfort Rd",0,0,0,0,1,N/A
2602947,"May 12, 2023",Washington,Toppenish,N/A,0,0,0,0,1,N/A
2600371,"May 12, 2023",Alabama,Cordova,"110 School Rd",0,0,0,0,0,N/A
2595630,"May 11, 2023",Texas,Odessa,"1800 E 42nd St",0,0,0,0,1,N/A
2596514,"May 11, 2023",Pennsylvania,Reading,"1000 N Front St",0,0,0,0,1,N/A
2595852,"May 11, 2023",Utah,Tooele,"411 W Vine St",0,0,0,0,0,N/A
2594693,"May 10, 2023",Illinois,"Richton Park","5030 Imperial Dr",0,0,0,0,1,N/A
2596668,"May 10, 2023",Illinois,"Glen Ellyn","23W200 Butterfield Rd",0,0,0,0,1,N/A
2594642,"May 10, 2023",Virginia,Gretna,"201 Coffey St",0,0,0,0,1,N/A
2595044,"May 10, 2023",Texas,Amarillo,"1400 N Grant St",0,0,0,0,1,N/A
2594470,"May 10, 2023",Michigan,"Grand Rapids","863 7th St NW",0,0,0,0,0,N/A
2596329,"May 10, 2023",Wisconsin,Milwaukee,"5501 N 68th St",0,0,0,0,1,N/A
2593641,"May 9, 2023",Alabama,Oakman,"142 School St",0,0,0,0,2,N/A
2593442,"May 9, 2023",Virginia,Chesterfield,"17700 Longhouse Ln",0,0,0,0,1,N/A
2594567,"May 9, 2023",Florida,Deltona,"2400 Eustace Ave",0,0,0,0,1,N/A
2594090,"May 9, 2023",Arizona,Peoria,"9750 N 87th Ave",0,0,0,0,1,N/A
2593508,"May 9, 2023",Pennsylvania,Philadelphia,"201 E Olney Ave",0,0,0,0,2,N/A
2594978,"May 9, 2023",Ohio,"Warren (Champion)","5976 Mahoning Ave NW",0,0,0,0,0,N/A
2596538,"May 8, 2023",Texas,Lubbock,"4910 29th Dr",0,0,0,0,0,N/A
2592201,"May 8, 2023","North Carolina","Indian Trail","1409 Wesley Chapel Rd",0,0,0,0,0,N/A
2596580,"May 8, 2023","South Carolina",Summerville,"1101 Boone Hill Rd",0,0,0,0,1,N/A
2595641,"May 8, 2023",Mississippi,"Bay Saint Louis",N/A,0,0,0,0,1,N/A
2596042,"May 8, 2023","New Hampshire","New Ipswich","175 Turnpike Rd",0,0,0,0,0,N/A
2591797,"May 8, 2023",Nevada,"Las Vegas","2436 N Pecos Rd",0,1,0,0,2,N/A
2592366,"May 8, 2023",Pennsylvania,Philadelphia,"2900 W Clearfield St",0,0,0,0,0,N/A
2589416,"May 5, 2023",Texas,Irving,"3700 N MacArthur Blvd",0,0,0,0,2,N/A
2590615,"May 5, 2023",Texas,Bullard,"2016 Panther Crossing",0,0,0,0,1,N/A
2594601,"May 4, 2023",Mississippi,"Bay Saint Louis","750 Blue Meadow Rd",0,0,0,0,1,N/A
2589282,"May 4, 2023","North Carolina",Wilmington,"555 Halyburton Memorial Pkwy",0,0,0,0,1,N/A
2588807,"May 4, 2023",Nevada,"Las Vegas","1900 S Lisa Ln",0,0,0,0,0,N/A
2589251,"May 4, 2023",Wisconsin,Kenosha,"3700 Washington Rd",0,0,0,0,1,N/A
2588497,"May 4, 2023",Maryland,"Hyattsville (Landover)","900 Nalley Rd",0,0,0,0,1,N/A
2588363,"May 4, 2023",Texas,"Sugar Land","14777 Voss Rd",0,0,0,0,1,N/A
2588059,"May 3, 2023",Minnesota,Mankato,"1351 S Riverfront Dr",0,0,0,0,1,N/A
2588647,"May 3, 2023",Michigan,Muskegon,"125 Catherine Ave",0,0,0,0,1,N/A
2587545,"May 3, 2023",Michigan,"Grand Rapids","1205 Cesar E Chavez Ave SW",0,0,0,0,0,N/A
2587905,"May 3, 2023",Kansas,Lawrence,"4700 Overland Dr",0,0,0,0,1,N/A
2587625,"May 3, 2023","North Carolina","Winston Salem (Winston-salem)","2100 Silas Creek Pkwy",0,0,0,0,0,N/A
2588938,"May 3, 2023",Florida,Gainesville,"11525 NW 39th Ave",0,0,0,0,0,N/A
2586871,"May 2, 2023",Virginia,Waynesboro,"840 King Ave",0,0,0,0,0,N/A
2588804,"May 2, 2023",Virginia,Woodbridge,"1650 Prince William Pkwy",0,0,0,0,1,N/A
2587574,"May 2, 2023",Minnesota,"Saint Paul","235 Marshall Ave",0,0,0,1,0,N/A
2588357,"May 2, 2023","South Carolina",Charleston,"21 McClennan Banks Dr",0,0,0,0,1,N/A
2594378,"May 2, 2023",Indiana,Gary,"131 E 5th Ave",0,0,0,0,1,N/A
2587217,"May 2, 2023",Ohio,"Cleveland (Pepper Pike)","32000 Chagrin Blvd",0,0,0,0,1,N/A
2588102,"May 2, 2023",Kentucky,"Louisville (Shively)","2501 Rockford Ln",0,0,0,0,1,N/A
2588224,"May 1, 2023",Maryland,"Oxon Hill","Iverson St and Sutler Dr",0,0,0,0,3,N/A
2588513,"May 1, 2023",Indiana,"Fort Wayne","4509 Homestead Rd",0,0,0,0,0,N/A
2586673,"May 1, 2023",Pennsylvania,"Mc Kees Rocks (Mckees Rocks)","1105 Valley St",0,0,0,0,0,N/A
2586600,"May 1, 2023",California,"Los Angeles","4650 W Olympic Blvd",0,0,0,0,1,N/A
2585980,"May 1, 2023",Michigan,Flint,"2820 Saginaw St",0,1,0,0,1,N/A
2585445,"April 30, 2023",California,Palmdale,"37423 70th St. East",0,0,0,0,0,N/A
2589008,"April 29, 2023",Virginia,Springfield,"7200 Fullerton Rd",0,0,0,0,2,N/A
2584191,"April 29, 2023",Florida,Tallahassee,"808 W Tennessee St",0,1,0,0,1,N/A
2584547,"April 28, 2023",Colorado,"Colorado Springs","2115 Afton Way",0,0,0,0,1,N/A
2583557,"April 28, 2023",Tennessee,Knoxville,"3300 Sutherland Ave",0,1,0,0,1,N/A
2583495,"April 28, 2023","South Carolina",Swansea,"450 Old Swamp Rd",0,0,0,0,0,N/A
2587436,"April 28, 2023",Texas,Houston,"8501 Howard Dr",0,0,0,0,2,N/A
2584202,"April 28, 2023",Texas,Houston,"6602 Winfield Rd",0,0,0,0,1,N/A
2583940,"April 28, 2023",Kentucky,Louisville,"4615 Taylor Blvd",0,0,0,0,1,N/A
2582779,"April 27, 2023",Virginia,Richmond,"4314 Crutchfield St",0,2,0,0,1,N/A
2585794,"April 27, 2023",Wisconsin,Milwaukee,"3300 S 39th St",0,0,0,0,1,N/A
2610971,"April 27, 2023","New York","Lake Katrine","65 Fording Place Rd",0,0,0,0,1,N/A
2583241,"April 27, 2023","North Carolina",Reidsville,"1903 S Park Dr",0,0,0,0,0,N/A
2582770,"April 27, 2023",Connecticut,Waterbury,"300 Pierpont Rd",0,0,0,0,1,N/A
2583850,"April 26, 2023",Missouri,"Blue Springs","1200 SE Adams Dairy Pkwy",0,0,0,0,1,N/A
2582305,"April 26, 2023",Kentucky,Louisville,"4901 Exeter Ave",0,0,0,0,1,N/A
2584297,"April 26, 2023",Pennsylvania,Scranton,"3427 N Main Ave",0,0,0,0,1,N/A
2584232,"April 26, 2023",Pennsylvania,Reading,"801 N 13th St",0,0,0,0,1,N/A
2593278,"April 26, 2023",California,Martinez,"4955 Alhambra Valley Rd",0,0,0,0,1,N/A
2582814,"April 26, 2023",Florida,"Panama City","924 Bay Ave",0,0,0,0,1,N/A
2582694,"April 26, 2023",Arkansas,Maumelle,"100 Victory Ln",0,0,0,0,1,N/A
2587592,"April 26, 2023",Nevada,"Las Vegas","1139 N Linn Ln",0,0,0,0,1,N/A
2583230,"April 26, 2023","New Mexico","Santa Fe","13 San Marcos Loop",0,0,0,0,0,N/A
2582409,"April 26, 2023",Wisconsin,Madison,"201 S Gammon Rd",0,0,0,0,1,N/A
2582294,"April 25, 2023","New York",Buffalo,"756 St Lawrence Ave",0,0,0,0,1,N/A
2581021,"April 25, 2023",Tennessee,Nashville,"1200 2nd Ave S",0,0,0,0,1,N/A
2587844,"April 25, 2023",Virginia,Marion,"134 Wilden St",0,0,0,0,1,N/A
2581302,"April 25, 2023",Florida,"Fort Lauderdale (Lauderdale Lakes)","3925 FL-7",0,0,0,0,1,N/A
2580940,"April 25, 2023",Colorado,Boulder,"3300 Baseline Rd",0,0,0,0,0,N/A
2581809,"April 25, 2023",Georgia,Lilburn,"130 Killian Hill Rd SW",0,0,0,0,0,N/A
2581770,"April 25, 2023","North Carolina",Wilmington,"555 Halyburton Memorial Pkwy",0,0,0,0,1,N/A
2581218,"April 24, 2023",Virginia,"Oak Hall","8210 Lankford Hwy",0,0,0,0,1,N/A
2582141,"April 24, 2023",Illinois,Belleville,"1801 Central School Rd",0,0,0,0,1,N/A
2580280,"April 24, 2023",Illinois,Dixon,"315 Lincoln Statue Dr",0,0,0,0,1,N/A
2581967,"April 24, 2023",Indiana,Greentown,"421 S Harrison St",0,0,0,0,1,N/A
2581131,"April 24, 2023",Indiana,Muncie,"801 N Walnut St",0,0,0,0,0,N/A
2580125,"April 24, 2023",Oklahoma,"Oklahoma City (Midwest City)","6420 SE 15th St",1,0,0,0,1,N/A
2580098,"April 24, 2023",Texas,Roscoe,"700 Elm St",1,0,0,0,0,N/A
2580175,"April 24, 2023",Texas,"Port Arthur","3501 Lucian Adams St",0,0,0,0,1,N/A
2580132,"April 24, 2023",Wisconsin,Superior,"2600 Catlin Ave",0,0,0,0,0,N/A
2587582,"April 24, 2023",Nevada,"Las Vegas","4601 W Bonanza Rd",0,0,0,0,1,N/A
2580827,"April 24, 2023",Florida,Tavares,"603 N New Hampshire Ave",0,0,0,0,1,N/A
2581702,"April 24, 2023",California,"Morgan Hill","85 Tilton Ave",0,0,0,0,1,N/A
2580580,"April 24, 2023",Michigan,"Grand Rapids (Walker)","4463 Leonard St NW",0,0,0,0,0,N/A
2600121,"April 23, 2023",Minnesota,Minneapolis,"2600 N 44th Ave",0,0,0,0,1,N/A
2578987,"April 21, 2023",Pennsylvania,Philadelphia,"3141 Chestnut St",0,1,0,0,0,N/A
2579259,"April 21, 2023",California,"San Jose","1635 Park Ave",0,0,0,0,1,N/A
2578308,"April 21, 2023",Texas,Tyler,"3535 Lion Ln",0,0,0,0,1,N/A
2578299,"April 21, 2023","New York","Mount Vernon","170 E Lincoln Ave",0,0,0,0,1,N/A
2608058,"April 20, 2023",Arizona,Mesa,"2700 E Brown Rd",0,0,0,0,1,N/A
2577989,"April 20, 2023",Pennsylvania,York,"1800 Hollywood Dr",0,0,0,0,1,N/A
2578297,"April 20, 2023",Kentucky,Louisville,"6300 Terry Rd",0,0,0,0,1,N/A
2582145,"April 19, 2023","New Mexico",Albuquerque,"8100 Rainbow Blvd NW",0,0,0,0,1,N/A
2577485,"April 19, 2023",Texas,Houston,"1100 W Main St",0,0,0,0,1,N/A
2580152,"April 19, 2023",Michigan,Detroit,"18445 Cathedral St",0,0,0,0,1,N/A
2582494,"April 19, 2023",Missouri,Grandview,"2300 Highgrove Rd",0,0,0,0,1,N/A
2577147,"April 19, 2023",Florida,Sebastian,"9001 Shark Blvd",0,0,0,0,1,N/A
2577143,"April 19, 2023",Florida,"Panama City","1000 School Ave",0,0,0,0,1,N/A
2577069,"April 19, 2023",Florida,"Avon Park","700 E Main St",0,0,0,0,1,N/A
2576998,"April 18, 2023",Florida,"Boynton Beach","101 S Congress Ave",0,0,0,0,1,N/A
2576202,"April 18, 2023",California,Indio,"83501 Dillon Ave",0,0,0,0,1,N/A
2576112,"April 18, 2023",Florida,"Saint Petersburg","850 34th St S",0,0,0,0,1,N/A
2682826,"April 17, 2023",Utah,"Salt Lake City","1545 N Morton Dr",0,0,0,0,0,N/A
2575231,"April 17, 2023","West Virginia",Ripley,"2 School St",0,0,0,0,1,N/A
2574858,"April 16, 2023",California,Lemoore,"101 E Bush St",0,0,0,0,1,N/A
2580929,"April 15, 2023",Pennsylvania,Bethlehem,"27 Memorial Dr W",0,0,0,0,4,N/A
2572601,"April 15, 2023",Maryland,Bowie,"14000 Jericho Park Rd",0,0,0,0,0,N/A
2573244,"April 15, 2023",Pennsylvania,"Lincoln University","1570 Baltimore Pike",0,2,0,0,0,N/A
2572510,"April 14, 2023",Illinois,Dunlap,"5200 W Cedar Hills Dr",0,0,0,0,1,N/A
2572080,"April 14, 2023",Tennessee,Harrison,"5728 TN-58",0,0,0,0,1,N/A
2574053,"April 14, 2023",Georgia,Oxford,"801 Emory St",0,0,0,0,0,N/A
2571988,"April 14, 2023",Mississippi,Jackson,"1400 Murrah Dr",0,0,0,0,1,N/A
2572869,"April 14, 2023",Iowa,Ames,"1801 Ridgewood Ave",0,0,0,0,1,N/A
2571900,"April 14, 2023","North Carolina","Elizabeth City","48 Hollowell Dr",0,0,0,0,0,N/A
2571341,"April 13, 2023",Tennessee,Crossville,"660 Stanley St",0,0,0,0,1,N/A
2572983,"April 13, 2023",Wisconsin,Manitowoc,"2109 Marshall St",0,0,0,0,2,N/A
2571994,"April 13, 2023","New Mexico",Albuquerque,"7311 Glenrio Rd NW",0,0,0,0,1,N/A
2571958,"April 13, 2023",Oklahoma,Tulsa,"6636 S Mingo Rd",0,0,0,0,0,N/A
2571022,"April 13, 2023",Maryland,Odenton,"1905 Town Center Blvd",0,0,0,0,1,N/A
2628051,"April 13, 2023","New Hampshire",Portsmouth,"50 Andrew Jarvis Dr",0,0,0,0,1,N/A
2571897,"April 13, 2023",Georgia,"Atlanta (Dunwoody)","2051 Brendon Dr",0,0,0,0,1,N/A
2570681,"April 12, 2023",Mississippi,Jackson,"2607 Raymond Rd",0,0,0,0,0,N/A
2570535,"April 12, 2023",Texas,Arlington,"7700 S Watson Rd",0,0,0,0,1,N/A
2570313,"April 12, 2023","North Carolina","Winston Salem (Winston-salem)","5705 Shattalon Dr",0,0,0,0,1,N/A
2570980,"April 12, 2023",Iowa,Waterloo,"1350 Katoski Dr",0,0,0,0,1,N/A
2570413,"April 11, 2023",Illinois,Antioch,"1133 Main St",0,0,0,0,1,N/A
2570356,"April 11, 2023",Maryland,Baltimore,"6401 Pioneer Dr",0,0,0,0,1,N/A
2569573,"April 11, 2023",Indiana,"East Chicago","3916 Pulaski St",0,0,0,0,1,N/A
2569514,"April 11, 2023",Florida,Tallahassee,"3013 Jim Lee Rd",0,0,0,0,1,N/A
2571098,"April 11, 2023",Pennsylvania,Pittsburgh,"914 Penn Ave",0,0,0,0,1,N/A
2571093,"April 11, 2023",Georgia,Tyrone,"360 Jenkins Rd",0,0,0,0,1,N/A
2569905,"April 11, 2023",Indiana,"South Bend","1902 Fellows St",0,0,0,0,1,N/A
2572559,"April 11, 2023",Washington,Vancouver,"10119 NE 14th St",0,0,0,0,1,N/A
2571085,"April 10, 2023",Texas,Texarkana,"2100 College Dr",0,0,0,0,0,N/A
2569627,"April 10, 2023",Missouri,Springfield,"415 S Golden Ave",0,0,0,0,1,N/A
2569350,"April 10, 2023",Alaska,Anchorage,"1405 E St",0,0,0,0,1,N/A
2568388,"April 10, 2023",Kentucky,Louisville,"727 W Chestnut St",1,1,0,0,1,N/A
2568884,"April 7, 2023",Nebraska,Hildreth,"613 Nelson St",0,0,0,0,1,N/A
2569179,"April 7, 2023",Arizona,Laveen,"8225 S 59th Ave",0,0,0,0,1,N/A
2571080,"April 7, 2023","North Carolina",Greenville,N/A,0,1,0,0,1,N/A
2565924,"April 6, 2023","North Carolina","Elizabeth City","1059 Hwy 17 S",0,0,0,0,1,N/A
2565916,"April 6, 2023","North Carolina",Winterville,"570 Forlines Rd",0,1,0,0,1,N/A
2566273,"April 6, 2023",Florida,"West Palm Beach","3505 Shiloh Dr",0,0,0,0,1,N/A
2565867,"April 6, 2023",Illinois,Chicago,"E 31st St and S Wabash Ave",0,2,0,0,0,N/A
2565141,"April 5, 2023","South Carolina",Summerville,"1101 Boone Hill Rd",0,0,0,0,2,N/A
2565084,"April 5, 2023","North Carolina",Durham,"4800 Old Chapel Hill Rd",0,0,0,0,0,N/A
2566126,"April 5, 2023",Maryland,Hagerstown,"18201 Rockland Dr",0,0,0,0,0,N/A
2929911,"April 4, 2023","North Carolina","Winston Salem (Winston-salem)","601 S Martin Luther King Jr Dr",0,0,0,0,2,N/A
2565154,"April 4, 2023",Alabama,Mobile,"6201 Swedetown Rd",0,0,0,0,0,N/A
2564272,"April 4, 2023","South Carolina",Columbia,"7500 Brookfield Rd",0,0,0,0,1,N/A
2565130,"April 4, 2023","South Carolina",Summerville,"9800 Delemar Hwy",0,0,0,0,1,N/A
2565028,"April 4, 2023",Arkansas,Arkadelphia,"401 High School Dr",0,0,0,0,0,N/A
2565024,"April 4, 2023",Illinois,"Highland Park","433 Vine Ave",0,0,0,0,1,N/A
2566008,"April 4, 2023",Texas,Houston,"8501 Howard Dr",0,0,0,0,1,N/A
2564276,"April 4, 2023","South Carolina",Greenville,"302 Perry Rd",0,0,0,0,0,N/A
2564631,"April 4, 2023",Florida,"Daytona Beach","1200 W International Speedway Blvd",0,1,0,0,0,N/A
2563490,"April 3, 2023",Ohio,Chesterland,"13401 Chillicothe Rd",0,0,0,0,1,N/A
2565375,"April 3, 2023",Massachusetts,Lowell,"125 Smith St",0,0,0,0,1,N/A
2562782,"April 2, 2023","North Carolina","Chapel Hill","1506 Mason Farm Rd",0,1,0,0,1,N/A
2561676,"March 31, 2023",Virginia,Manassas,"8820 Rixlew Ln",0,0,0,0,1,N/A
2564249,"March 31, 2023","North Carolina",Concord,"505 State Hwy 49 S",0,0,0,0,0,N/A
2561477,"March 31, 2023",Texas,Lumberton,N/A,0,0,0,0,0,N/A
2562192,"March 31, 2023","South Carolina",Lexington,"205 Wise Ferry Rd",0,0,0,0,0,N/A
2563207,"March 31, 2023",Florida,Tallahassee,"3838 Trojan Trail",0,0,0,0,1,N/A
2563964,"March 31, 2023","North Carolina",Orrum,"1684 S Creek Rd",0,0,0,0,0,N/A
2561014,"March 30, 2023",Texas,Spring,"4800 Riley Fuzzel Rd",0,0,0,0,1,N/A
2559834,"March 30, 2023","North Carolina","Winston Salem (Winston-salem)","2100 Silas Creek Pkwy",0,0,0,1,0,N/A
2561378,"March 30, 2023",Florida,Tallahassee,"2649 US-90",0,0,0,0,1,N/A
2563308,"March 30, 2023",Georgia,"Augusta (Martinez)","115 Davis Rd",0,0,0,0,0,N/A
2562147,"March 30, 2023",Florida,"Daytona Beach","1031 Mason Ave",0,0,0,0,1,N/A
2559786,"March 30, 2023",Indiana,Hammond,N/A,0,0,0,0,0,N/A
2561159,"March 30, 2023",Arizona,Tucson,"12000 W Emigh Rd",0,0,0,0,1,N/A
2561118,"March 30, 2023",Louisiana,Shreveport,"9000 Walker Rd",0,0,0,0,1,N/A
2559740,"March 29, 2023",Arkansas,Dardanelle,"2306 Old Hwy 7 S",0,0,0,0,1,N/A
2558951,"March 29, 2023",Virginia,"Virginia Beach","4960 Haygood Rd",0,0,0,0,1,N/A
2558974,"March 29, 2023",Virginia,"Pilgrims Knob","14555 Desmond River Rd",0,0,0,0,1,N/A
2561498,"March 29, 2023",Florida,"Orange Park","4035 Plantation Oaks Blvd",0,0,0,0,2,N/A
2559854,"March 29, 2023",Georgia,Douglasville,"Ferncrest Pl",0,0,1,0,0,N/A
2558926,"March 29, 2023","South Carolina",Winnsboro,"255 Kelly Miller Rd",0,0,0,0,0,N/A
2561355,"March 29, 2023",Oklahoma,Tulsa,"2010 E 48th St N",0,0,0,0,1,N/A
2559405,"March 29, 2023",Ohio,Toledo,"2200 Arlington Ave",0,0,0,0,1,N/A
2557546,"March 28, 2023",Louisiana,Lafayette,"315 Rue du Belier",0,0,0,0,0,N/A
2561468,"March 28, 2023",Maryland,Baltimore,"2201 Presstman St",0,0,0,0,1,N/A
2558461,"March 28, 2023",Georgia,Harlem,"360 W Trippe St",0,0,0,0,1,N/A
2558432,"March 28, 2023",Florida,"Haines City","2800 Hornet Dr",0,0,0,0,1,N/A
2558202,"March 28, 2023",Oklahoma,Tulsa,"2900 1/2 S 65th W Ave",0,0,0,0,1,N/A
2558163,"March 28, 2023",Texas,"Fort Worth","3136 Bigham Blvd",0,0,0,0,1,N/A
2557697,"March 27, 2023",Texas,"San Antonio","2400 Cottonwood Way",0,0,0,0,1,N/A
2555459,"March 27, 2023",Tennessee,Nashville,"33 Burton Hills Blvd",6,0,1,0,0,N/A
2556517,"March 27, 2023","South Carolina","Lake View","401 E Third Ave",0,0,0,0,1,N/A
2555875,"March 27, 2023",Tennessee,Dyersburg,"125 US-51 BYP",0,0,0,0,1,N/A
2558229,"March 27, 2023",Alabama,Mobile,"3900 Pleasant Valley Rd",0,0,0,0,1,N/A
2560505,"March 27, 2023",Texas,"San Antonio","1002 Edwards",0,0,0,0,1,N/A
2563950,"March 26, 2023","North Carolina",Greensboro,"1601 E Market St",0,0,0,0,1,N/A
2607030,"March 25, 2023",Illinois,Chicago,"3535 E 114th St",0,0,0,0,1,N/A
2556529,"March 25, 2023","South Carolina",Orangeburg,"300 College Ave",0,0,0,0,0,N/A
2558154,"March 25, 2023",Tennessee,Knoxville,"1615 Laurel Ave",0,0,0,0,1,N/A
2556007,"March 24, 2023",California,"Santa Paula","404 N 6th St",0,0,0,0,1,N/A
2554279,"March 24, 2023","North Carolina","Willow Spring","835 Dixon Rd",0,0,0,0,1,N/A
2553432,"March 24, 2023","West Virginia",Welch,"950 Mount View High School Rd",0,0,0,0,2,N/A
2555815,"March 24, 2023",Indiana,Middlebury,"56691 Northridge Dr",1,0,0,0,0,N/A
2553233,"March 24, 2023",Illinois,"South Holland","16800 Greenwood Ave",0,0,0,0,0,N/A
2553705,"March 23, 2023",Texas,"San Antonio","3823 Fortuna",0,0,0,0,1,N/A
2553744,"March 23, 2023",Minnesota,Minneapolis,"700 22nd Ave NE",0,0,0,0,0,N/A
2553005,"March 23, 2023",Texas,"San Antonio","8610 Ranch View",0,0,0,0,1,N/A
2552952,"March 23, 2023",Tennessee,Chattanooga,"1300 Shallowford Rd",0,0,0,0,1,N/A
2552853,"March 23, 2023","North Carolina",Mebane,"4040 Mebane Rogers Rd",0,0,0,0,1,N/A
2553387,"March 23, 2023","North Carolina",Charlotte,"9303 Martin Village Rd",0,0,0,0,1,N/A
2553956,"March 23, 2023",Florida,Sanford,"2701 Ridgewood Ave",0,0,0,0,1,N/A
2556336,"March 23, 2023","New Jersey",Rockaway,"50 Knoll Dr",0,0,0,0,2,N/A
2552884,"March 22, 2023","North Carolina",Clayton,"490 Guy Rd",0,0,0,0,1,N/A
2551754,"March 22, 2023",Colorado,Denver,"1600 City Park Esplanade",0,2,1,0,0,N/A
2552490,"March 22, 2023",Alabama,Anniston,"1301 Woodstock Ave",0,1,0,0,0,N/A
2558151,"March 22, 2023",Alaska,Bethel,"1 Ron Edwards Memorial Dr",0,0,0,0,1,N/A
2551467,"March 21, 2023",Maryland,Baltimore,"1500 Harlem Ave",0,0,0,0,2,N/A
2551377,"March 21, 2023",Kentucky,Louisville,"7601 St Andrews Church Rd",0,0,0,0,1,N/A
2552168,"March 21, 2023",California,"Palm Desert","43500 Monterey Ave",0,0,0,0,1,N/A
2552017,"March 21, 2023",Pennsylvania,Lancaster,"2000 Wabank Rd",0,0,0,0,1,N/A
2558630,"March 21, 2023","North Dakota",Bismarck,"1000 E Century Ave",0,0,0,0,1,N/A
2552454,"March 21, 2023",Texas,Huffman,"24403 E Lake Houston Pkwy",0,0,0,0,1,N/A
2551555,"March 21, 2023",Texas,Dallas,"4001 Walnut Hill Ln",0,1,0,0,1,N/A
2549957,"March 20, 2023",Texas,Arlington,"1400 W Lamar Blvd",1,0,0,0,1,N/A
2551197,"March 20, 2023",Virginia,"Virginia Beach","5100 Cleveland St",0,0,0,0,1,N/A
2550366,"March 20, 2023",Georgia,Bogart,"1081 Rocky Branch Rd",0,0,0,0,0,N/A
2550103,"March 20, 2023",Florida,Davenport,"4525 County Rd 547",0,0,0,0,0,N/A
2558941,"March 19, 2023","South Carolina",Conway,"100 Chanticleer Dr E",0,0,0,0,1,N/A
2549161,"March 17, 2023",Pennsylvania,Philadelphia,"1801 N Broad St",0,0,0,0,0,N/A
2548326,"March 17, 2023",Minnesota,Duluth,"3301 Technology Dr",0,0,0,0,0,N/A
2548445,"March 17, 2023",Ohio,"New Concord","260 Stadium Dr",0,1,0,0,1,N/A
2548198,"March 17, 2023",Maryland,Towson,"404 Emerson Dr",0,0,0,0,0,N/A
2550299,"March 17, 2023",Michigan,Pinckney,"2150 M-36",0,0,0,0,0,N/A
2547499,"March 16, 2023",California,Woodland,"21 N West St",0,0,0,0,1,N/A
2548310,"March 16, 2023",Wisconsin,Milwaukee,"2311 E Hartford Ave",0,0,0,0,1,N/A
2548200,"March 16, 2023",Florida,Miami,"1100 NW 71st St",0,0,0,0,1,N/A
2547939,"March 16, 2023",Florida,"Palm Beach Gardens","4245 Holly Dr",0,0,0,0,1,N/A
2547884,"March 16, 2023","North Carolina",Monroe,"1 High School Dr",0,0,0,0,1,N/A
2549312,"March 16, 2023",Alabama,Piedmont,"750 Tom Bible Memorial Hwy",0,0,0,0,1,N/A
2546792,"March 15, 2023",Virginia,Amherst,"139 Lancer Ln",0,0,0,0,1,N/A
2546688,"March 15, 2023",Georgia,Evans,"550 Blue Ridge Dr",0,0,0,0,0,N/A
2546633,"March 15, 2023",Delaware,Georgetown,"26026 Patriots Way",0,0,0,0,1,N/A
2547033,"March 15, 2023",California,"San Francisco","241 Oneida Ave",0,0,0,0,0,N/A
2547057,"March 15, 2023",Alabama,Springville,"237 Wilson St",0,0,0,0,0,N/A
2546083,"March 14, 2023",Michigan,Holt,"5885 Holt Rd",0,0,0,0,1,N/A
2546168,"March 14, 2023",Virginia,Norfolk,"7101 Granby St",0,0,0,0,1,N/A
2545930,"March 14, 2023","North Carolina",Kernersville,"110 Brown Rd",0,0,0,0,0,N/A
2547097,"March 14, 2023",Louisiana,"New Orleans","Bundy Rd and Dwyer Rd",0,0,0,0,2,N/A
2545332,"March 13, 2023",Virginia,Richmond,"3400 Hopkins Rd",0,0,0,0,1,N/A
2566202,"March 13, 2023",Massachusetts,Southbridge,"132 Torry Rd",0,0,0,0,2,N/A
2543996,"March 11, 2023",Maine,Waterville,"Pond Rd",0,0,0,0,1,N/A
2543339,"March 10, 2023",Florida,"Vero Beach","1707 16th St",0,0,0,0,1,N/A
2543325,"March 10, 2023",Maine,Monroe,"36 W Main St",0,0,0,0,1,N/A
2542908,"March 9, 2023","New Mexico",Albuquerque,"2300 Arenal Rd SW",0,0,0,0,0,N/A
2546566,"March 9, 2023",Wisconsin,Milwaukee,"5075 N Sherman Blvd",0,0,0,0,1,N/A
2542935,"March 9, 2023",Nevada,"Las Vegas","6500 E Sahara Ave",0,0,0,0,1,N/A
2542901,"March 9, 2023",Alabama,Athens,"15641 E Limestone Rd",0,0,0,0,1,N/A
2543468,"March 8, 2023",Texas,Texarkana,"2100 College Dr",0,0,0,0,0,N/A
2542906,"March 8, 2023","New Mexico","Los Lunas","1776 Emilio Lopez Rd",0,0,0,0,1,N/A
2968986,"March 8, 2023",Pennsylvania,Royersford,"350 S Lewis Rd",0,0,0,0,2,N/A
2542547,"March 8, 2023",Arizona,Chandler,"3180 S Gilbert Rd",0,0,0,0,0,N/A
2542545,"March 8, 2023",Georgia,Fairburn,"7155 Hall Rd",0,0,0,0,0,N/A
2541499,"March 7, 2023",Illinois,Rockford,"5110 Auburn St",0,0,0,0,1,N/A
2542864,"March 7, 2023",Maryland,"Glen Burnie",N/A,0,0,0,0,1,N/A
2542086,"March 7, 2023",Indiana,Indianapolis,"4900 Julian Ave",1,0,0,0,0,N/A
2542499,"March 7, 2023",Indiana,"Indianapolis (Lawrence)","8502 E 82nd St",0,0,0,0,0,N/A
2541677,"March 7, 2023",Alabama,Rogersville,"201 Cedar St",0,0,0,0,0,N/A
2546317,"March 6, 2023",Michigan,Saginaw,"3675 Southfield Dr",0,0,0,0,1,N/A
2540364,"March 6, 2023",Virginia,Alexandria,"3801 W Braddock Rd",0,0,0,0,1,N/A
2540982,"March 6, 2023",Iowa,Shenandoah,"601 Dr Creighton Cir",0,0,0,0,1,N/A
2543457,"March 6, 2023",Illinois,"Elmwood Park","8201 W Fullerton Ave",0,0,0,0,1,N/A
2540056,"March 6, 2023",Michigan,Roseville,"16250 Martin Rd",0,1,0,0,1,N/A
2540730,"March 6, 2023",Minnesota,"Minneapolis (Coon Rapids)","11600 Raven St NW",0,0,0,0,1,N/A
2938662,"March 6, 2023",Maryland,Baltimore,"5915 Glennor Rd",0,0,0,0,1,N/A
2540590,"March 6, 2023",Ohio,Columbus,"284 N 22nd St",0,0,0,0,1,N/A
2540549,"March 6, 2023",Kentucky,Owensboro,"1300 Booth Ave",0,0,0,0,1,N/A
2541039,"March 5, 2023",Georgia,Atlanta,"688 Beckwith St SW",0,0,0,0,0,N/A
2538466,"March 3, 2023",Ohio,Cleveland,"15210 St Clair Ave",0,0,0,0,1,N/A
2538091,"March 3, 2023","South Carolina",Orangeburg,"300 College Ave",0,1,0,0,1,N/A
2538905,"March 3, 2023",Oklahoma,"Oklahoma City","715 N Walker Ave",0,0,0,0,1,N/A
2538842,"March 3, 2023",Florida,Clearwater,"3000 FL-580",0,0,0,0,1,N/A
2538840,"March 3, 2023",Florida,"Saint Petersburg","850 34th St S",0,0,0,0,1,N/A
2538699,"March 3, 2023",Arizona,Phoenix,"3625 W Cactus Rd",0,0,0,0,1,N/A
2539158,"March 3, 2023",California,Azusa,"240 N Cerritos Ave",0,0,0,0,2,N/A
2542912,"March 3, 2023","New Mexico","Los Lunas","1776 Emilio Lopez Rd",0,0,0,0,0,N/A
2537614,"March 2, 2023",Alabama,"Bay Minette","1 Tiger Dr",0,0,0,0,1,N/A
2537466,"March 2, 2023","North Carolina","Kill Devil Hills","100 Veterans Dr",0,0,0,0,1,N/A
2537460,"March 2, 2023",Mississippi,Kiln,"7084 Stennis Airport Rd",0,0,0,0,1,N/A
2539312,"March 2, 2023","South Carolina","North Charleston","2670 Bonds Ave",0,0,0,0,1,N/A
2537311,"March 2, 2023",Georgia,Lagrange,"1920 Hamilton Rd",0,0,0,0,1,N/A
2536807,"March 1, 2023",Arkansas,Jonesboro,"4208 Chieftan Ln",0,0,0,0,1,N/A
2537436,"March 1, 2023",Indiana,"Terre Haute","310 S 18th St",0,0,0,0,2,N/A
2537458,"March 1, 2023",Oregon,Salem,"1910 Church St SE",0,0,0,0,1,N/A
2537394,"March 1, 2023",Georgia,"Warner Robins","401 S Davis Dr",0,0,0,0,0,N/A
2537958,"March 1, 2023",California,"Santa Rosa","6975 Montecito Blvd",0,0,0,0,1,N/A
2536964,"March 1, 2023",Tennessee,"Cedar Hill","7025 US-41",0,0,0,0,0,N/A
2535934,"February 28, 2023",Ohio,"Rocky River","3850 Linden Rd",0,0,0,0,0,N/A
2538355,"February 28, 2023",Kentucky,Radcliff,"100 Trojan Way",0,0,0,0,1,N/A
2535790,"February 28, 2023",Florida,Tallahassee,"550 E Tennessee St",0,0,0,0,1,N/A
2537463,"February 28, 2023","North Carolina",Greensboro,"1200 Lincoln St",0,0,0,0,0,N/A
2536386,"February 28, 2023",Texas,Pearland,"2201 N Galveston Ave",0,0,0,0,1,N/A
2557186,"February 28, 2023",Colorado,Denver,"3955 Steele St",0,0,0,0,1,N/A
2536296,"February 28, 2023",Georgia,Ringgold,"340 Evitt Ln",0,0,0,0,1,N/A
2536087,"February 28, 2023","New York","Rochester (Brighton)","1000 E Henrietta Rd",0,0,0,0,1,N/A
2540360,"February 27, 2023","North Carolina",Lillington,"900 S 11th St",0,0,0,0,1,N/A
2536221,"February 27, 2023",Utah,"Cedar City","166 W 1925 N",0,0,0,0,1,N/A
2535740,"February 27, 2023",Florida,Hollywood,"6501 Hollywood Blvd",0,0,0,0,1,N/A
2535733,"February 27, 2023",Florida,Jacksonville,"10600 Hornets Nest Rd",0,0,0,0,0,N/A
2534845,"February 27, 2023",Nevada,Fernley,"1100 Jasmine Ln",0,0,0,0,1,N/A
2536597,"February 27, 2023",Alabama,Monroeville,"297 S Mt Pleasant Ave",0,0,0,0,0,N/A
2538050,"February 27, 2023",Mississippi,Heidelberg,"4035 Co Rd 8",0,0,0,0,0,N/A
2533264,"February 24, 2023",Nebraska,Lincoln,"1930 S 20th St",0,0,0,0,1,N/A
2533130,"February 24, 2023",Colorado,"Colorado Springs","7005 N Carefree Cir",0,0,0,0,1,N/A
2533040,"February 24, 2023",Texas,Nederland,"2101 N 18th St",0,0,0,0,1,N/A
2532996,"February 24, 2023",Florida,"Daytona Beach","580 McLeod Ave",0,0,0,0,1,N/A
2532968,"February 24, 2023",Georgia,Grovetown,"2010 Warrior Way",0,0,0,0,1,N/A
2534185,"February 24, 2023",California,Watsonville,"500 Harkins Slough Rd",0,0,0,0,1,N/A
2533257,"February 23, 2023","North Carolina",Durham,"6806 Garrett Rd",0,0,0,0,1,N/A
2533150,"February 23, 2023",Florida,Greenacres,"4701 10th Ave N",0,0,0,0,1,N/A
2533085,"February 23, 2023","South Carolina",Blythewood,"180 S-40-1694",0,0,0,0,1,N/A
2533072,"February 23, 2023","North Carolina",Raleigh,"2201 Spring Forest Rd",0,0,0,0,1,N/A
2532760,"February 23, 2023",Nevada,"Las Vegas","4250 E Karen Ave",0,0,0,0,1,N/A
2532198,"February 23, 2023",Maryland,Lanham,"9880 Good Luck Rd",0,0,0,0,0,N/A
2533361,"February 23, 2023",Ohio,Columbus,"3223 Allegheny Ave",0,0,0,0,1,N/A
2533356,"February 23, 2023",Ohio,Reynoldsburg,"6699 E Livingston Ave",0,0,0,0,1,N/A
2531624,"February 22, 2023",Virginia,"Glen Allen","2204 Mountain Road",0,0,0,0,1,N/A
2531636,"February 22, 2023",Virginia,"Newport News","13450 Woodside Ln",0,0,0,0,1,N/A
2532021,"February 22, 2023",Ohio,Reynoldsburg,"6699 E Livingston Ave",0,0,0,0,1,N/A
2533216,"February 22, 2023",Florida,"Belle Glade","1100 SW Ave G",0,0,0,0,1,N/A
2531012,"February 21, 2023",Nevada,"Las Vegas","9501 Echelon Point Dr",0,0,0,0,1,N/A
2531008,"February 21, 2023",Nevada,"North Las Vegas","5302 N Goldfield St",0,0,0,0,1,N/A
2530996,"February 21, 2023",Nevada,"Las Vegas","1139 N Linn Ln",0,0,0,0,2,N/A
2531435,"February 21, 2023",Ohio,Columbus,"840 W State St",0,0,0,0,1,N/A
2532037,"February 21, 2023",Pennsylvania,"Coal Township","2000 W State St",0,0,0,0,0,N/A
2531943,"February 21, 2023",Kentucky,Stearns,"120 Raider Way Rd",0,0,0,0,1,N/A
2530457,"February 20, 2023","North Carolina",Elkin,"334 Elk Spur St",0,0,0,0,0,N/A
2530243,"February 20, 2023",Texas,Midland,"Wadley Ave and Godfrey St",0,0,0,0,1,N/A
2528420,"February 18, 2023",Texas,Abilene,"2800 N 6th St",0,0,0,0,1,N/A
2527875,"February 17, 2023",Texas,Arlington,"818 W Park Row Dr",0,0,0,0,2,N/A
2527806,"February 17, 2023",Missouri,"Saint Louis","13201 Clayton Rd",0,0,0,0,0,N/A
2528381,"February 17, 2023",Georgia,Macon,"6250 Skipper Rd",0,0,0,0,0,N/A
2529696,"February 17, 2023",Nevada,"Las Vegas","333 S Pavilion Center Dr",0,0,0,0,1,N/A
2527524,"February 17, 2023",Indiana,"Fort Wayne","475 E State Blvd",0,0,0,0,0,N/A
2527792,"February 17, 2023",Virginia,"Max Meadows","1 Pioneer Trail",0,0,0,0,1,N/A
2527592,"February 17, 2023","North Carolina",Erwin,"405 Denim Dr",0,0,0,0,0,N/A
2527121,"February 16, 2023",Virginia,Norfolk,"7901 Nancy Dr",0,0,0,0,0,N/A
2529867,"February 16, 2023",Texas,Benavides,"1025 Eagle Dr",0,0,0,0,1,N/A
2527944,"February 16, 2023",Alabama,Wetumpka,"184 Rodney Ln",0,0,0,0,1,N/A
2528026,"February 16, 2023",Ohio,Columbus,"417 S Weyant Ave",0,0,0,0,0,N/A
2528617,"February 16, 2023","North Carolina",Fayetteville,"2517 Ramsey St",0,0,0,0,1,N/A
2526954,"February 15, 2023",Colorado,Denver,"1600 City Park Esplanade",0,0,0,0,1,N/A
2528206,"February 15, 2023",Ohio,Cleveland,"15210 St Clair Ave",0,0,0,0,0,N/A
2526048,"February 15, 2023",Maryland,"Fort George G Meade (Fort Meade)","1100 Clark Rd",0,0,0,0,1,N/A
2527475,"February 15, 2023",Texas,Houston,"12525 Ella Blvd",0,0,0,0,0,N/A
2526799,"February 15, 2023","North Carolina",Clayton,"1892 Polenta Rd",0,0,0,0,1,N/A
2526755,"February 15, 2023",Alabama,Decatur,"1625 Danville Rd SW",0,0,0,0,0,N/A
2526751,"February 15, 2023",Alabama,Beauregard,N/A,0,0,0,0,0,N/A
2526733,"February 15, 2023",Mississippi,Clinton,"401 Arrow Dr",0,0,0,0,0,N/A
2526690,"February 15, 2023",Virginia,Gloucester,"6680 Short Ln",0,0,0,0,1,N/A
2580632,"February 15, 2023",Michigan,"Grand Rapids (Walker)","4463 Leonard St NW",0,0,0,0,2,N/A
2525801,"February 14, 2023",Utah,"Salt Lake City (Murray)","5440 State St",0,0,0,0,3,N/A
2525617,"February 14, 2023","North Carolina","Rocky Mount","720 N Fairview Rd",0,0,0,0,0,N/A
2525527,"February 14, 2023",Texas,"San Antonio","1400 Jackson Keller Rd",0,0,0,0,1,N/A
2525382,"February 14, 2023",Pennsylvania,Pittsburgh,"1101 N Murtland St",0,4,0,0,2,N/A
2526099,"February 14, 2023",Florida,"Fort Myers","14020 Plantation Rd",0,0,0,0,1,N/A
2526066,"February 14, 2023",Georgia,Decatur,"2215 Miller Rd",0,0,0,0,1,N/A
2528189,"February 14, 2023",Indiana,"Fort Wayne","3601 Calhoun St",0,0,0,0,1,N/A
2526660,"February 14, 2023","South Carolina",Conway,"6555 Hwy 134",0,0,0,0,0,N/A
2525632,"February 14, 2023","North Carolina",Wendell,"3409 NC-97",0,0,0,0,0,N/A
2527114,"February 13, 2023","North Carolina",Raleigh,"5307 Six Forks Rd",0,0,0,0,1,N/A
2532391,"February 13, 2023",Georgia,Athens,"350 S Milledge Ave",0,0,0,0,1,N/A
2760283,"February 13, 2023",Louisiana,Thibodaux,"102 Ellendale Dr",0,0,0,0,1,N/A
2525430,"February 13, 2023",Oklahoma,Lawton,"5611 NW Allan-A-Dale Ln",0,0,0,0,0,N/A
2525173,"February 13, 2023",Colorado,Golden,"19th St and Elm St",0,0,0,0,1,N/A
2525134,"February 13, 2023",Florida,Pensacola,"820 Massachusetts Ave",0,0,0,0,0,N/A
2525037,"February 13, 2023","New York","New York (Manhattan)","16 Clarkson St",0,0,0,0,0,N/A
2524577,"February 13, 2023",Michigan,"East Lansing","509 E Circle Dr",3,5,1,0,0,N/A
2524581,"February 13, 2023","New York",Rochester,"164 Alexander St",0,0,0,0,1,N/A
2524633,"February 13, 2023",Texas,Dalhart,"2100 Spirit Trl",1,0,0,0,0,N/A
2523958,"February 12, 2023","North Carolina",Salisbury,"211 N Park Dr",0,0,0,0,0,N/A
2523405,"February 10, 2023",Ohio,Cincinnati,"200 Viking Wy",0,0,0,0,1,N/A
2522622,"February 10, 2023",Tennessee,"La Vergne","382 Stones River Rd",0,0,0,0,1,N/A
2524381,"February 10, 2023",Georgia,Columbus,"2901 College Dr",0,0,0,0,1,N/A
2523161,"February 10, 2023",Indiana,"Columbia City","1600 IN-9",0,0,0,0,0,N/A
2523619,"February 10, 2023","North Carolina",Franklin,"100 Panther Dr",0,0,0,0,0,N/A
2523058,"February 10, 2023",California,"San Diego","5353 Airway Rd",0,0,0,0,1,N/A
2522141,"February 9, 2023",Arkansas,"Fort Smith","2201 N 50th St",0,0,0,0,0,N/A
2521973,"February 9, 2023",Alabama,Prattville,"1315 Upper Kingston Rd",0,0,0,0,1,N/A
2526042,"February 9, 2023",Pennsylvania,Norristown,"1 E Oak St",0,0,0,0,0,N/A
2520705,"February 8, 2023",Maryland,Lanham,"9880 Good Luck Rd",0,0,0,0,1,N/A
2520916,"February 8, 2023",Texas,"Rio Grande City","5726 Farm to Market Rd 755",0,0,0,0,2,N/A
2538306,"February 8, 2023",Minnesota,Minneapolis,"1500 James Ave N",0,0,0,0,1,N/A
2521277,"February 8, 2023",Alabama,Brookwood,"12250 George Richmond Pkwy",0,0,0,0,0,N/A
2520180,"February 7, 2023",Virginia,Chesterfield,"10301 Courthouse Rd",0,0,0,0,1,N/A
2520243,"February 7, 2023","North Carolina","Saint Pauls","648 N Old Stage Rd",0,0,0,0,0,N/A
2520906,"February 7, 2023",Texas,Lubbock,"16310 TX-493 Loop",0,0,0,0,0,N/A
2520084,"February 7, 2023",Colorado,"Colorado Springs","2250 Jet Wing Dr",0,0,0,0,1,N/A
2520468,"February 7, 2023",Wisconsin,Neenah,"1275 Tullar Rd",0,0,0,0,1,N/A
2520710,"February 7, 2023",Wisconsin,"Green Bay","3366 Schaefer Ct",0,0,0,0,1,N/A
2519678,"February 6, 2023",Kentucky,Hopkinsville,"430 Koffman Dr",0,0,0,0,1,N/A
2519656,"February 6, 2023",Kentucky,Louisville,"6000 Brownsboro Rd",0,0,0,0,1,N/A
2522795,"February 6, 2023",Florida,Tallahassee,"3415 Zillah St",0,0,0,0,1,N/A
2519482,"February 6, 2023",Arkansas,"Fort Smith","622 N 7th St",0,0,0,0,1,N/A
2520310,"February 6, 2023",Arkansas,Trumann,"1620 W Main St",0,0,0,0,1,N/A
2519709,"February 6, 2023",Illinois,Evanston,"1400 Oakton St",0,0,0,0,1,N/A
2519398,"February 6, 2023",Alabama,Birmingham,"4915 Ave Q",0,0,0,0,0,N/A
2519802,"February 6, 2023",Delaware,Middletown,"1080 Bunker Hill Rd",0,0,0,0,1,N/A
2519199,"February 6, 2023",Florida,"Palm Beach Gardens","4245 Holly Dr",0,0,0,0,1,N/A
2519443,"February 6, 2023",Wisconsin,Oshkosh,"915 Hazel St",0,0,0,0,0,N/A
2517220,"February 3, 2023",Maryland,Baltimore,"3500 Hillen Rd",0,0,0,0,1,N/A
2521183,"February 3, 2023",California,"Paso Robles","801 Niblick Rd",0,0,0,0,1,N/A
2517392,"February 3, 2023",Tennessee,Lebanon,"1213 Leeville Pike",0,0,0,0,1,N/A
2517339,"February 3, 2023",Michigan,Detroit,"3200 E Lafayette St",0,0,0,0,0,N/A
2517280,"February 3, 2023",Kentucky,Lexington,"1600 Man O War Blvd",0,0,0,0,1,N/A
2517211,"February 3, 2023",Florida,Apopka,"2501 Hiawassee Rd",0,0,0,0,1,N/A
2517644,"February 3, 2023",Nevada,"North Las Vegas","1900 Deer Springs Way",0,0,0,0,1,N/A
2519186,"February 3, 2023",Pennsylvania,Mars,"520 PA-228",0,0,0,0,3,N/A
2518365,"February 3, 2023",Missouri,Cottleville,"5199 State Rte N",0,0,0,0,1,N/A
2517500,"February 3, 2023",California,"Los Angeles","3537 Farmdale Ave",0,0,0,0,0,N/A
2517193,"February 2, 2023",Delaware,Wilmington,"100 W 18th St",0,0,0,0,0,N/A
2517199,"February 2, 2023",Delaware,Wilmington,"3130 Kennett Pike",0,0,0,0,1,N/A
2516840,"February 2, 2023",Ohio,Pickerington,"130 Hill Rd S",1,0,0,0,0,N/A
2516752,"February 2, 2023",Indiana,"North Vernon","810 W Walnut St",0,0,0,0,1,N/A
2517242,"February 2, 2023",Indiana,Columbus,"230 S Marr Rd",0,0,0,0,1,N/A
2517416,"February 2, 2023",Ohio,"New Philadelphia","315 4th St NW",0,0,0,0,1,N/A
2517100,"February 2, 2023",Arizona,Mesa,"7301 E Brown Rd",0,0,0,0,1,N/A
2516697,"February 2, 2023",Maryland,Riverdale,"6200 Tuckerman St",0,0,0,0,0,N/A
2516643,"February 2, 2023",Texas,Houston,"6425 Westheimer Rd",0,0,0,1,3,N/A
2517451,"February 2, 2023",Alabama,Prattville,"1089 Martin Luther King Dr",0,0,0,0,0,N/A
2516070,"February 1, 2023",Maryland,Hyattsville,"7000 Adelphi Rd",0,0,0,0,0,N/A
2516531,"February 1, 2023","North Carolina",Kernersville,"1600 Union Cross Rd",0,0,0,0,1,N/A
2516529,"February 1, 2023","North Carolina",Charlotte,"8900 Park Rd",0,0,0,0,0,N/A
2516296,"February 1, 2023",Kentucky,Louisville,"6415 Outer Loop",0,0,0,0,1,N/A
2516990,"February 1, 2023",Louisiana,"La Place (Laplace)","393 Greenwood Dr",0,0,0,0,1,N/A
2516391,"February 1, 2023","North Carolina",Rolesville,"1099 E Young St",0,0,0,0,1,N/A
2515355,"January 31, 2023","South Carolina",Blythewood,"10901 Wilson Blvd",0,0,0,0,1,N/A
2515490,"January 31, 2023",Ohio,Columbus,"1265 Koebel Rd",0,0,0,0,0,N/A
2516607,"January 31, 2023",Indiana,Hammond,"5926 Calumet Ave",0,0,0,0,1,N/A
2515750,"January 31, 2023",Nevada,"Las Vegas","3750 S Buffalo Dr",0,0,0,0,1,N/A
2516381,"January 31, 2023",Alabama,Theodore,"6201 Swedetown Rd N",0,0,0,0,1,N/A
2515330,"January 30, 2023",California,Madera,"705 W Pecan Ave",0,0,0,0,1,N/A
2515384,"January 30, 2023","New York",Nanuet,"103 Church St",0,0,0,0,1,N/A
2514454,"January 30, 2023",Arizona,Yuma,"7150 E 24th St",0,0,0,0,1,N/A
2523034,"January 30, 2023",Texas,Lufkin,"602 S Raguet St",0,0,0,0,1,N/A
2677660,"January 29, 2023",Texas,Beaumont,N/A,0,0,0,0,1,N/A
2513755,"January 28, 2023",Missouri,Springfield,"2500 block of S Linden Ave",0,1,0,0,2,N/A
2516842,"January 27, 2023",Colorado,Loveland,"1811 W 15th St",0,0,0,0,1,N/A
2518431,"January 27, 2023","North Carolina",Newton,"338 W 15th St",0,0,0,0,1,N/A
2512539,"January 27, 2023",Arizona,"El Mirage","12701 N Main St",0,0,0,0,2,N/A
2512455,"January 27, 2023",Maryland,Baltimore,"2202 Presstman St",0,0,0,0,1,N/A
2512437,"January 27, 2023",Georgia,Carnesville,"485 Turkey Creek Rd",0,0,0,0,1,N/A
2526814,"January 27, 2023",Illinois,Chicago,"1150 W 96th St",0,0,0,0,1,N/A
2512245,"January 26, 2023",Nebraska,Fremont,"2950 Dale St",0,0,0,0,0,N/A
2517299,"January 26, 2023",Minnesota,"Saint Paul","1355 Pierce Butler Rte",0,0,0,0,1,N/A
2512022,"January 26, 2023",Utah,"Salt Lake City (Taylorsville)","5225 S Redwood Rd",0,0,0,0,1,N/A
2512364,"January 26, 2023",Florida,Homestead,"2000 SE 28th Ave",0,0,0,0,1,N/A
2517953,"January 25, 2023",Texas,Bandera,"1005 Cherry St",0,0,0,0,1,N/A
2511580,"January 25, 2023",Alabama,Pinson,"6745 Old Springville Rd",0,0,0,0,0,N/A
2512591,"January 25, 2023",California,Sacramento,"3500 Florin Rd",0,0,0,0,1,N/A
2511004,"January 25, 2023","District of Columbia",Washington,"1601 16th St SE",0,0,0,0,1,N/A
2512341,"January 25, 2023","North Carolina",Kannapolis,"415 Martin Luther King Jr Ave",0,0,0,0,1,N/A
2510864,"January 24, 2023",Maryland,Rockville,"250 Richard Montgomery Dr",0,0,0,0,1,N/A
2510828,"January 24, 2023",Florida,"Saint Petersburg","2501 5th Ave N",0,0,0,0,1,N/A
2515486,"January 24, 2023",Connecticut,Meriden,"1225 N Broad St",0,0,0,0,1,N/A
2510590,"January 24, 2023",Missouri,"Kansas City","3930 Broadway Blvd",0,1,0,0,0,N/A
2517605,"January 24, 2023",California,Corona,"1820 Rimpau Ave",0,0,0,0,1,N/A
2510418,"January 24, 2023",Utah,Midvale,"7350 S 900 E",0,0,0,0,1,N/A
2511172,"January 24, 2023",Ohio,Toledo,"2000 block of Avondale Ave",0,0,0,0,0,N/A
2511014,"January 24, 2023",Arizona,"San Tan Valley","37611 N Pecan Creek Dr",0,0,0,0,1,N/A
2509896,"January 23, 2023","District of Columbia",Washington,"5600 East Capitol St NE",0,0,0,0,1,N/A
2510564,"January 23, 2023",Georgia,Augusta,"1740 Walton Way",0,0,0,0,1,N/A
2509254,"January 23, 2023",Iowa,"Des Moines","455 SW Fifth St",2,1,0,0,2,N/A
2510387,"January 23, 2023","South Carolina","North Charleston","5935 Rivers Ave",0,0,0,0,1,N/A
2509999,"January 23, 2023",Kentucky,Louisville,"12400 Old Shelbyville Rd",0,0,0,0,1,N/A
2509990,"January 23, 2023",Texas,Corsicana,"3701 E State Hwy 22",0,0,0,0,4,N/A
2511054,"January 21, 2023",Texas,Houston,"3325 Westheimer Rd",0,0,0,0,1,N/A
2509898,"January 20, 2023",Ohio,London,"336 Elm St",0,0,0,0,0,N/A
2506967,"January 20, 2023",Texas,Arlington,"2101 Highbank Dr",0,0,0,0,2,N/A
2506958,"January 20, 2023",Georgia,Covington,"14567 GA-36",0,0,0,0,1,N/A
2506919,"January 20, 2023",Virginia,"Glen Allen","600 Concourse Blvd",0,0,0,0,1,N/A
2506942,"January 20, 2023",Minnesota,"Saint Paul","1495 Rice St",0,1,0,0,1,N/A
2508146,"January 20, 2023","North Carolina",Statesville,"474 N Center St",0,0,0,0,1,N/A
2507136,"January 20, 2023",Ohio,Salem,"1200 E 6th St",0,0,0,0,1,N/A
2506265,"January 19, 2023","New York",Bronx,"120 E 184th St",0,0,0,0,1,N/A
2506113,"January 19, 2023","West Virginia",Lindside,"74 James Monroe Dr",0,0,0,0,1,N/A
2506753,"January 19, 2023","New York",Brooklyn,"1137 Herkimer St",0,1,0,0,1,N/A
2506658,"January 19, 2023",Florida,"Royal Palm Beach","10600 Okeechobee Blvd",0,0,0,0,1,N/A
2506603,"January 19, 2023",Arizona,Buckeye,"20050 W Indian School Rd",0,0,0,0,1,N/A
2506609,"January 19, 2023",Arizona,"Casa Grande","2730 N Trekell Rd",0,0,0,0,1,N/A
2512958,"January 19, 2023",Washington,Lacey,"350 College St NE",0,0,0,0,1,N/A
2507748,"January 19, 2023",Arkansas,"Little Rock","708 E Dixon Rd",0,0,0,0,0,N/A
2506456,"January 18, 2023",Florida,Tampa,"1701 N Blvd",0,0,0,0,1,N/A
2506074,"January 18, 2023",Tennessee,Cleveland,"3635 Georgetown Rd NW",0,0,0,0,1,N/A
2505498,"January 18, 2023",Texas,Waco,"2020 N 42nd St",0,0,0,0,1,N/A
2505269,"January 18, 2023",Michigan,"Grand Rapids","2133 Buchanan Ave SW",0,0,0,0,1,N/A
2505582,"January 18, 2023",Tennessee,Nashville,"110 Gallatin Ave",0,0,0,0,0,N/A
2505578,"January 18, 2023",Tennessee,"Whites Creek","7277 Old Hickory Blvd",0,0,0,0,1,N/A
2505770,"January 18, 2023",Alabama,Huntsville,"5000 Pulaski Pike NW",0,0,0,0,0,N/A
2505768,"January 18, 2023",Alabama,Huntsville,"2500 Meridian St N",0,0,0,0,0,N/A
2511701,"January 18, 2023",Texas,Jefferson,"1 Bulldog Dr",0,0,0,0,1,N/A
2522012,"January 17, 2023",Alabama,Mobile,"3125 Dauphin Island Pkwy",0,0,0,0,1,N/A
2505302,"January 17, 2023",Minnesota,"Saint Paul","1540 6th St E",0,0,0,0,1,N/A
2511214,"January 17, 2023",Florida,"Fort Lauderdale (Lauderdale Lakes)","4515 N State Rd 7",0,0,0,0,1,N/A
2505009,"January 17, 2023",Nevada,Yerington,"114 Pearl St",0,0,0,0,1,N/A
2504792,"January 17, 2023",Oklahoma,"Oklahoma City (Del City)","1900 S Sunnylane Rd",0,1,0,0,1,N/A
2501950,"January 13, 2023",Kentucky,Murray,"2108 College Farm Rd",0,0,0,0,0,N/A
2502349,"January 13, 2023","North Carolina",Kernersville,"1600 Union Cross Rd",0,0,0,0,0,N/A
2502655,"January 13, 2023",Florida,"Fort Walton Beach","400 Hollywood Blvd NW",0,0,0,0,1,N/A
2501286,"January 12, 2023",Louisiana,"New Orleans","3815 St Bernard Ave",0,0,0,0,0,N/A
2501098,"January 12, 2023",Nebraska,Omaha,"4410 N 36th St",0,0,0,0,1,N/A
2502314,"January 12, 2023",Florida,Gibsonton,"7710 Old Big Bend Rd",0,0,0,0,0,N/A
2501460,"January 12, 2023",Indiana,Indianapolis,"5108 S High School Rd",0,0,0,0,0,N/A
2501122,"January 11, 2023",Ohio,Columbus,"1500 E Broad St",0,0,0,0,1,N/A
2526948,"January 11, 2023",Texas,"Rising Star","114 Newton St",0,0,0,0,0,N/A
2500354,"January 11, 2023",Florida,Tallahassee,"550 E Tennessee St",0,0,0,0,1,N/A
2500964,"January 11, 2023",California,Vista,"1575 Bonair Rd",0,0,0,0,1,N/A
2500323,"January 11, 2023",Texas,Palestine,"233 Ben Milam Rd Dr",0,0,0,0,1,N/A
2502310,"January 11, 2023",Florida,Gibsonton,"7710 Old Big Bend Rd",0,0,0,0,0,N/A
2501461,"January 11, 2023",Indiana,Indianapolis,"10440 Indian Creek Rd S",0,0,0,0,1,N/A
2500814,"January 11, 2023",Missouri,"Saint Louis","5557 Milburn Rd",0,0,0,0,1,N/A
2500542,"January 10, 2023",Kentucky,Stanford,"101 Old Fort Rd",0,1,0,0,0,N/A
2500319,"January 10, 2023","New Mexico",Albuquerque,"6701 Fortuna Rd NW",0,0,0,0,1,N/A
2500217,"January 10, 2023",Michigan,Pinconning,"605 W 5th St",0,0,0,0,1,N/A
2499699,"January 10, 2023",Delaware,"New Castle","713 E Basin Rd",0,0,0,0,1,N/A
2500103,"January 10, 2023","North Carolina",Farmville,"3308 E Wilson St",0,0,0,0,1,N/A
2506914,"January 9, 2023",Texas,Manor,"12700 Gregg Manor Rd",0,0,0,0,1,N/A
2497956,"January 7, 2023",Oregon,Portland,"5405 SE Woodward St",0,1,0,0,0,N/A
2497541,"January 6, 2023",Florida,Apopka,"2501 Hiawassee Rd",0,1,0,0,0,N/A
2497580,"January 6, 2023",Michigan,"Oak Park","13701 Oak Park Blvd",0,1,0,0,1,N/A
2498914,"January 6, 2023",Missouri,"Saint Louis","1731 S Broadway",0,0,0,0,1,N/A
2496849,"January 6, 2023",Virginia,"Newport News","205 Tyner Dr",0,1,0,0,1,N/A
2496762,"January 6, 2023","North Carolina",Lumberton,"3901 Fayetteville Rd",0,0,0,0,0,N/A
2502555,"January 6, 2023",Arkansas,Paragould,"5201 W Kingshighway",0,0,0,0,0,N/A
2497221,"January 6, 2023",Kentucky,Louisville,"3510 Goldsmith Ln",0,0,0,0,0,N/A
2498457,"January 5, 2023",Texas,Wylie,"2550 FM 544",0,0,0,0,0,N/A
2496389,"January 5, 2023","South Carolina","North Charleston","5025 W Enterprise St",0,0,0,0,1,N/A
2497734,"January 5, 2023",Florida,Lakeland,"740 Lake Miriam Dr",0,0,0,0,1,N/A
2496145,"January 5, 2023",Alabama,Huntsville,"2500 Meridian St N",0,0,0,0,1,N/A
2496143,"January 5, 2023","North Carolina",Jamestown,"1000 Lucy Ragsdale Dr",0,0,0,0,1,N/A
2496342,"January 5, 2023",Maryland,"Fort George G Meade (Fort Meade)","3500 Rockenbach Rd",0,0,0,0,0,N/A
2497266,"January 5, 2023",Ohio,Columbus,"6100 Beechcroft Rd",0,0,0,0,1,N/A
2496290,"January 4, 2023",Virginia,Woodbridge,"15201 Neabsco Mills Rd",0,0,0,0,1,N/A
2496218,"January 4, 2023",Wisconsin,Sheboygan,"3508 N 21st St",0,0,0,0,1,N/A
2495296,"January 4, 2023","New Mexico",Roswell,"500 W Hobbs St",0,0,0,0,1,N/A
2496605,"January 4, 2023",Arkansas,Jonesboro,"301 Hurricane Dr",0,0,0,0,1,N/A
2494569,"January 3, 2023","New York","Corona (Queens)","57-00 223rd St",0,0,0,0,1,N/A